ID,CUSTOMER,ORDERED_AT,STORE_ID,SUBTOTAL,TAX_PAID,ORDER_TOTAL
008cc165-663f-40fb-94d9-2029e8542983,8b7f9b7f-90b6-4887-88f8-0e198a9b007d,2016-09-07T08:30:00,7f790ed7-0fc4-4de2-a1b0-cce72e657fc4,500,30,530
00923884-9543-4c1e-8ed4-eb466e40e487,e3afd136-901c-4557-ad38-9721b1da3d6d,2016-09-01T07:40:00,7f790ed7-0fc4-4de2-a1b0-cce72e657fc4,400,24,424
00b9bf96-d3f9-4ef5-b715-c4b83e746813,37b15675-a715-4545-b885-11f0c340b579,2016-09-19T10:24:00,7f790ed7-0fc4-4de2-a1b0-cce72e657fc4,1300,78,1378
00d03ec5-fc71-4616-99ad-8ad79dcb9bd7,57e67f54-8b7b-46a4-9f46-4e8eec5c850f,2016-09-22T13:19:00,7f790ed7-0fc4-4de2-a1b0-cce72e657fc4,4700,282,4982
00da278f-4ef7-4882-baf2-b3da5132fd64,aadf86e7-5ffa-459c-b0c6-39c2f2dcc137,2016-09-20T10:24:00,7f790ed7-0fc4-4de2-a1b0-cce72e657fc4,1000,60,1060
00e34924-fe77-4ec1-92d1-c58943ca8410,89e063d4-d84b-436d-a7ae-826f80d9d013,2016-09-21T09:44:00,7f790ed7-0fc4-4de2-a1b0-cce72e657fc4,600,36,636
0198bafb-ff11-4f02-9aa8-8c3b8b58a5c1,b028022d-60ff-416a-9106-f3e73dac72d2,2016-09-21T08:27:00,7f790ed7-0fc4-4de2-a1b0-cce72e657fc4,500,30,530
020bc1af-66ed-46b0-a6f4-4fbd9f7e9ef4,fd560bc8-60b7-4dbf-93e1-6eba6934f599,2016-09-14T08:08:00,7f790ed7-0fc4-4de2-a1b0-cce72e657fc4,500,30,530
0292ac9e-7879-42a4-93df-099461a864e3,dd7021b7-00fa-43cb-a061-6f601d08380d,2016-09-07T07:58:00,7f790ed7-0fc4-4de2-a1b0-cce72e657fc4,700,42,742
02ce15f5-13ec-4e49-803c-d216f85dfb6e,a40cca2b-cb31-42ad-8158-39b67128d0e4,2016-09-21T07:17:00,7f790ed7-0fc4-4de2-a1b0-cce72e657fc4,700,42,742
02fd27ea-f244-4b01-a4a0-6d0dd29b88d0,c0822f00-24dd-4196-95f9-6192ea457af3,2016-09-13T16:15:00,7f790ed7-0fc4-4de2-a1b0-cce72e657fc4,2100,126,2226
031bc061-37ae-4dbc-923e-76f539e814a4,d1747387-f31d-48d2-822b-699d6eb93a2b,2016-09-21T08:51:00,7f790ed7-0fc4-4de2-a1b0-cce72e657fc4,500,30,530
038a298f-d374-40cb-977e-53671d6e0745,b9b25607-9aa6-407b-a217-ca3a6ac85ee0,2016-09-02T07:18:00,7f790ed7-0fc4-4de2-a1b0-cce72e657fc4,700,42,742
03980f02-0276-4af7-90d7-e973f00c023d,ec5336c1-c2be-4b19-bf92-e56b5cf4058c,2016-09-16T13:34:00,7f790ed7-0fc4-4de2-a1b0-cce72e657fc4,3800,227,4028
03a829f4-5130-4880-bdad-e4238be0cd3b,ed0eaab6-7120-4997-a4cd-a2e3f2175075,2016-09-16T10:18:00,7f790ed7-0fc4-4de2-a1b0-cce72e657fc4,700,42,742
03bff3a4-0dc8-4f93-b8e3-61dba7ddd7cd,545b7872-c4e0-4687-8b2f-1d13c03ca2ab,2016-09-16T07:44:00,7f790ed7-0fc4-4de2-a1b0-cce72e657fc4,600,36,636
03c2c1fb-9407-44a9-a93f-ee75855735a1,b9b25607-9aa6-407b-a217-ca3a6ac85ee0,2016-09-06T07:33:00,7f790ed7-0fc4-4de2-a1b0-cce72e657fc4,600,36,636
042a7f24-c79e-41eb-89bf-bb37ce90603a,db0d9043-952a-495e-8608-815fdef24bb9,2016-09-01T07:49:00,7f790ed7-0fc4-4de2-a1b0-cce72e657fc4,400,24,424
0440c0eb-f6f6-48bf-bc35-d221cb6f59e6,dcfbe751-f532-4901-9574-56e490212f8d,2016-09-15T12:40:00,7f790ed7-0fc4-4de2-a1b0-cce72e657fc4,1500,89,1590
055546dc-e8ac-44ce-8820-4d4a1956c090,eb8a5b36-47a8-47ca-9c1b-6417cf79f4b2,2016-09-14T07:59:00,7f790ed7-0fc4-4de2-a1b0-cce72e657fc4,700,42,742
05d43431-e859-4864-be00-8562254ade84,14cf5ae6-46f6-4727-8b31-099c771e67e7,2016-09-09T09:00:00,7f790ed7-0fc4-4de2-a1b0-cce72e657fc4,600,36,636
06a7ee50-ee65-472c-85e7-21cf113250e8,3dd5e6a2-b23b-4ee5-b866-34d2e0a1cd88,2016-09-21T08:08:00,7f790ed7-0fc4-4de2-a1b0-cce72e657fc4,400,24,424
06c06573-060b-4c50-9a29-58afc5017b6b,478cbaf5-21f9-444a-b6ee-145c902181b7,2016-09-05T08:38:00,7f790ed7-0fc4-4de2-a1b0-cce72e657fc4,400,24,424
06c28099-8f5e-4c3c-bacc-5c78ab8df9d3,053a890c-690a-4e3c-8e32-e5fc28b63d61,2016-09-18T09:03:00,7f790ed7-0fc4-4de2-a1b0-cce72e657fc4,1900,113,2014
06f2a6da-8f58-4210-b1fb-782eb1044940,906c6b58-de58-429c-a0d3-93e8d1f52ed7,2016-09-21T08:18:00,7f790ed7-0fc4-4de2-a1b0-cce72e657fc4,600,36,636
0761a76d-46f6-4089-a1f0-b07ddb010ee5,8b7f9b7f-90b6-4887-88f8-0e198a9b007d,2016-09-13T08:08:00,7f790ed7-0fc4-4de2-a1b0-cce72e657fc4,700,42,742
07621124-bb16-4542-b0ff-9a58f313600e,50895683-b612-4b60-a177-792f7acd1284,2016-09-09T17:28:00,7f790ed7-0fc4-4de2-a1b0-cce72e657fc4,500,30,530
076defc6-8848-4910-b44c-e7630c0443dc,026f0a0c-400a-4482-a51f-c8bd57fb07df,2016-09-01T14:13:00,7f790ed7-0fc4-4de2-a1b0-cce72e657fc4,400,24,424
077531f2-efe5-489b-94ca-9b69a122327e,e9e2d5e2-3f7f-41e7-87c9-4d91d2369faf,2016-09-09T12:39:00,7f790ed7-0fc4-4de2-a1b0-cce72e657fc4,5000,300,5300
079b4f91-af2a-4258-8694-384fc0437f8b,e3afd136-901c-4557-ad38-9721b1da3d6d,2016-09-15T08:06:00,7f790ed7-0fc4-4de2-a1b0-cce72e657fc4,700,42,742
07a7706a-44a3-4085-99e1-a5e90cde45f5,76d5dbd2-cdf5-44f9-8cd3-7f23192b5af8,2016-09-12T11:58:00,7f790ed7-0fc4-4de2-a1b0-cce72e657fc4,400,24,424
07abb654-3a76-45bb-b4c5-04ea755aae74,a40cca2b-cb31-42ad-8158-39b67128d0e4,2016-09-08T08:11:00,7f790ed7-0fc4-4de2-a1b0-cce72e657fc4,600,36,636
07aee7a5-1bf3-492c-9f59-1562042fa564,545b7872-c4e0-4687-8b2f-1d13c03ca2ab,2016-09-05T08:32:00,7f790ed7-0fc4-4de2-a1b0-cce72e657fc4,600,36,636
07b97d20-4d38-433c-9e57-ff415a816971,a40cca2b-cb31-42ad-8158-39b67128d0e4,2016-09-07T08:35:00,7f790ed7-0fc4-4de2-a1b0-cce72e657fc4,600,36,636
092b4453-0df9-4054-94aa-3c08d0deda7f,13b40b8c-ccde-403f-bd97-e6059d0b457c,2016-09-01T09:43:00,7f790ed7-0fc4-4de2-a1b0-cce72e657fc4,2400,144,2544
09361ded-8087-4b3e-9ac6-0aac66499c03,3cb4b879-5cc0-40ec-86f7-8bf407b328c8,2016-09-05T14:48:00,7f790ed7-0fc4-4de2-a1b0-cce72e657fc4,400,24,424
097e1ea9-7bc8-4b20-a90c-32b8b002fd48,c0822f00-24dd-4196-95f9-6192ea457af3,2016-09-15T15:19:00,7f790ed7-0fc4-4de2-a1b0-cce72e657fc4,1700,102,1802
0a99b396-7753-4a41-839d-07c2c3e4a7db,197ce683-0876-41d9-b9b1-c95541abcff9,2016-09-22T07:36:00,7f790ed7-0fc4-4de2-a1b0-cce72e657fc4,600,36,636
0ad58902-d8dc-4f74-a9aa-5bc44db82db0,dbafe507-fda2-48b3-ac00-a14c080210a2,2016-09-09T07:23:00,7f790ed7-0fc4-4de2-a1b0-cce72e657fc4,600,36,636
0b22f154-d355-42f9-89c3-86d501c5ec98,7cd5e7f3-39c8-48ce-950a-1b70449e7829,2016-09-09T09:10:00,7f790ed7-0fc4-4de2-a1b0-cce72e657fc4,500,30,530
0b7142e9-e04b-4508-ba58-75001ff98ea3,1b3b33c7-3982-45e0-a2fa-9e33ee3b8948,2016-09-10T09:12:00,7f790ed7-0fc4-4de2-a1b0-cce72e657fc4,8800,527,9328
0c40e986-e343-4ee5-83dd-d268fa95fe4b,c074e00d-755a-4ee3-9efb-9d6786b9517e,2016-09-02T08:15:00,7f790ed7-0fc4-4de2-a1b0-cce72e657fc4,500,30,530
0d08514b-1de8-4291-9ee3-fbb972c7c7c0,d7093e25-a54d-4730-8fcf-0258e220b078,2016-09-21T12:46:00,7f790ed7-0fc4-4de2-a1b0-cce72e657fc4,600,36,636
0d8bd083-584e-4c75-b795-23ef339f8d64,38400695-1293-45bf-9d31-08ec84d7ea9e,2016-09-21T15:08:00,7f790ed7-0fc4-4de2-a1b0-cce72e657fc4,700,42,742
0daf12d2-6e5f-4ee4-9064-7d93f75e021d,0551e79c-9e23-4566-8ae7-f3f82d3108f1,2016-09-13T11:34:00,7f790ed7-0fc4-4de2-a1b0-cce72e657fc4,1200,72,1272
0dd10815-2c33-4045-8fdd-ec8327547896,c2880288-0982-493a-b7b5-17646d453dff,2016-09-16T11:21:00,7f790ed7-0fc4-4de2-a1b0-cce72e657fc4,600,36,636
0de219d6-1b25-4e30-ad96-eeefb0366746,b028022d-60ff-416a-9106-f3e73dac72d2,2016-09-14T07:32:00,7f790ed7-0fc4-4de2-a1b0-cce72e657fc4,600,36,636
0e2ea372-2acf-4ba5-9d2c-14678c2c5b9c,312da57f-7410-41f0-b429-91b48047edc3,2016-09-10T12:25:00,7f790ed7-0fc4-4de2-a1b0-cce72e657fc4,5300,318,5618
0e445237-a418-475a-b0c3-0419eab8a8d7,197ce683-0876-41d9-b9b1-c95541abcff9,2016-09-13T08:14:00,7f790ed7-0fc4-4de2-a1b0-cce72e657fc4,600,36,636
0ef26fbf-9adc-48c9-898d-c9cab078ea89,197ce683-0876-41d9-b9b1-c95541abcff9,2016-09-07T07:39:00,7f790ed7-0fc4-4de2-a1b0-cce72e657fc4,600,36,636
0ef41b9e-80b5-489f-8e75-7314d5df39bc,e2fdd593-6e2b-44b9-900f-4ce6059f0e7d,2016-09-08T08:44:00,7f790ed7-0fc4-4de2-a1b0-cce72e657fc4,2600,156,2756
0f0833ef-751d-4e1a-b4af-a444c88e2390,1b2317ad-d359-4dce-9eb1-062a68201396,2016-09-21T14:25:00,7f790ed7-0fc4-4de2-a1b0-cce72e657fc4,1800,108,1907
0f2fd01c-ae20-42a8-9684-f3d69dec1494,7db5dfa7-a22a-4256-a935-6d66bc0bc58b,2016-09-06T08:37:00,7f790ed7-0fc4-4de2-a1b0-cce72e657fc4,600,36,636
0fda4632-afe0-43d3-8c8d-d75f85632f08,dd3b89f6-3929-46fc-91cb-d62cee594688,2016-09-21T07:13:00,7f790ed7-0fc4-4de2-a1b0-cce72e657fc4,600,36,636
0fe0aa6f-811e-4c36-add1-c3231c9f6e60,c074e00d-755a-4ee3-9efb-9d6786b9517e,2016-09-20T08:18:00,7f790ed7-0fc4-4de2-a1b0-cce72e657fc4,600,36,636
102f7801-5a39-425b-b8a8-aafffde757b3,b57e8de6-9ffe-4318-8d96-ed66f6f29452,2016-09-21T07:48:00,7f790ed7-0fc4-4de2-a1b0-cce72e657fc4,400,24,424
108ca038-e2f5-4c38-82f1-0445ae7a6cef,7db5dfa7-a22a-4256-a935-6d66bc0bc58b,2016-09-02T07:56:00,7f790ed7-0fc4-4de2-a1b0-cce72e657fc4,600,36,636
10a1b110-60f0-4ee6-ac1f-84df2d8296bd,7db5dfa7-a22a-4256-a935-6d66bc0bc58b,2016-09-01T08:04:00,7f790ed7-0fc4-4de2-a1b0-cce72e657fc4,500,30,530
10f2a7d1-d82e-4a8f-bec4-f1ca9ea9896b,1d50c253-2f19-4217-8a39-63a9285e8d81,2016-09-16T16:38:00,7f790ed7-0fc4-4de2-a1b0-cce72e657fc4,600,36,636
1105eb8f-eeba-471e-9627-8ee7dcdcaf8d,8e7f1295-5c2a-4607-bb18-4c1fd2d56fca,2016-09-22T17:50:00,7f790ed7-0fc4-4de2-a1b0-cce72e657fc4,500,30,530
11225ae3-7bc0-4952-8895-ebece7e53ab4,99f1a605-b7a8-445f-ba72-52d309e7078d,2016-09-03T11:02:00,7f790ed7-0fc4-4de2-a1b0-cce72e657fc4,0,0,0
12477bc1-977a-4a8e-bb23-0a23526e5f48,3dd5e6a2-b23b-4ee5-b866-34d2e0a1cd88,2016-09-07T08:26:00,7f790ed7-0fc4-4de2-a1b0-cce72e657fc4,500,30,530
12600c86-7bce-411d-9e1b-91551e0e856a,b0d4d79d-25cc-4383-88ed-1fc342166ccf,2016-09-08T08:05:00,7f790ed7-0fc4-4de2-a1b0-cce72e657fc4,600,36,636
12bff4ef-1f08-456b-ba9b-5686d08efd72,d1747387-f31d-48d2-822b-699d6eb93a2b,2016-09-02T08:55:00,7f790ed7-0fc4-4de2-a1b0-cce72e657fc4,600,36,636
12dfce3c-b1b2-4138-975d-b23522a9f219,d1747387-f31d-48d2-822b-699d6eb93a2b,2016-09-22T08:20:00,7f790ed7-0fc4-4de2-a1b0-cce72e657fc4,600,36,636
136b3bcf-1022-4e40-9123-9ec5a462df42,7db5dfa7-a22a-4256-a935-6d66bc0bc58b,2016-09-22T08:08:00,7f790ed7-0fc4-4de2-a1b0-cce72e657fc4,500,30,530
138b6df9-0e7b-4213-bed2-0df45504eda3,6f268812-0b7b-43a3-b56e-39aaf71a5dba,2016-09-13T10:08:00,7f790ed7-0fc4-4de2-a1b0-cce72e657fc4,2200,131,2332
13a9491e-e8bd-4b8b-887e-726bd5ecd868,c8561416-e50b-42c5-9d99-12c614d3c1e4,2016-09-06T10:05:00,7f790ed7-0fc4-4de2-a1b0-cce72e657fc4,1900,113,2014
13f9d022-36ef-48a8-aaf3-02a7abf89af4,aadf86e7-5ffa-459c-b0c6-39c2f2dcc137,2016-09-17T09:53:00,7f790ed7-0fc4-4de2-a1b0-cce72e657fc4,2900,174,3074
1435572e-3920-43e3-8a99-4b13c2f711d3,b57e8de6-9ffe-4318-8d96-ed66f6f29452,2016-09-19T07:56:00,7f790ed7-0fc4-4de2-a1b0-cce72e657fc4,700,42,742
144b4484-2919-43c0-935e-f6e87747ca99,8715bdb5-b31c-48eb-b7d9-b5dcd38a1de6,2016-09-08T07:21:00,7f790ed7-0fc4-4de2-a1b0-cce72e657fc4,500,30,530
14c6fe9f-7fb9-45e2-b584-49bedf152e68,7cd5e7f3-39c8-48ce-950a-1b70449e7829,2016-09-16T19:36:00,7f790ed7-0fc4-4de2-a1b0-cce72e657fc4,600,36,636
14ea2b9d-543b-4d46-bd31-119558d890aa,9bb9e572-d84b-4150-9ae3-6c40a9db726e,2016-09-16T12:06:00,7f790ed7-0fc4-4de2-a1b0-cce72e657fc4,2300,138,2438
150eaa01-2d46-42f1-83a8-f41109e57a7e,ee77f7ea-85a5-4ebc-8211-362592fb73d9,2016-09-06T07:17:00,7f790ed7-0fc4-4de2-a1b0-cce72e657fc4,600,36,636
1515a167-ae32-4202-892c-e39f8907dff1,90831ddd-286f-4f2d-9c72-bfd03c07460c,2016-09-12T11:07:00,7f790ed7-0fc4-4de2-a1b0-cce72e657fc4,1200,72,1272
153d5464-e50f-4460-81e4-18135651fe36,8715bdb5-b31c-48eb-b7d9-b5dcd38a1de6,2016-09-07T08:11:00,7f790ed7-0fc4-4de2-a1b0-cce72e657fc4,700,42,742
157d5114-29d8-469d-b981-77d1e94b2163,30169b50-82a4-4785-bafd-3ea0a7813812,2016-09-16T09:33:00,7f790ed7-0fc4-4de2-a1b0-cce72e657fc4,1900,113,2014
15f34c3d-95a7-49b9-b9c4-d30772ebde21,ab7dbeec-fce2-4391-ae75-05274a0e7e75,2016-09-16T08:25:00,7f790ed7-0fc4-4de2-a1b0-cce72e657fc4,1000,60,1060
1639cf8e-903e-40f3-8e25-ae77443cc748,260ad0e2-e824-4b2c-bdcf-1a2ea887ebdd,2016-09-20T13:19:00,7f790ed7-0fc4-4de2-a1b0-cce72e657fc4,1700,102,1802
1640ec54-2580-4bae-bf3b-0399bf1f46c3,58f1f390-bbbd-4dc0-8ba3-e22150dd49a5,2016-09-03T10:59:00,7f790ed7-0fc4-4de2-a1b0-cce72e657fc4,6800,408,7208
164ad670-76f8-43b0-948a-ec5281f5f957,ee77f7ea-85a5-4ebc-8211-362592fb73d9,2016-09-07T08:14:00,7f790ed7-0fc4-4de2-a1b0-cce72e657fc4,400,24,424
164c5375-2ea8-4d71-9ecc-b36ee0965724,c93c6590-67d9-4158-aa3c-56b31e7fa654,2016-09-16T08:13:00,7f790ed7-0fc4-4de2-a1b0-cce72e657fc4,700,42,742
16bb487f-9b48-4e80-97e7-1515052e1027,29a9dfd0-5ff8-4fdb-a3d5-d7a3928e5f00,2016-09-20T07:57:00,7f790ed7-0fc4-4de2-a1b0-cce72e657fc4,400,24,424
1757c7a8-a012-4b6c-a414-c6822ddb2ae2,c0989acc-466e-4107-9990-879c0a599f7f,2016-09-05T12:10:00,7f790ed7-0fc4-4de2-a1b0-cce72e657fc4,2300,138,2438
17c2d4c5-0b18-40bb-bc5e-52097653bafe,cec6d6a6-2407-495a-92fb-218b3471cf04,2016-09-13T08:55:00,7f790ed7-0fc4-4de2-a1b0-cce72e657fc4,600,36,636
17dc2b24-e8a5-4e7c-83ae-23df1a0ce84b,9aa562f6-e21f-440e-996e-4921fa827284,2016-09-12T11:18:00,7f790ed7-0fc4-4de2-a1b0-cce72e657fc4,2000,120,2120
17fc2dc9-9890-46c6-88f9-d0148b0b69f2,9f0be1ee-2d27-495e-b63e-6ef23b4f8f40,2016-09-22T08:55:00,7f790ed7-0fc4-4de2-a1b0-cce72e657fc4,400,24,424
181c6676-76fa-4fda-aa2d-009476817bfe,5498fa51-5a08-411e-a034-3148ad7c5716,2016-09-14T13:05:00,7f790ed7-0fc4-4de2-a1b0-cce72e657fc4,600,36,636
18253ab4-79cc-47b2-820c-e2e70b57876d,c0989acc-466e-4107-9990-879c0a599f7f,2016-09-13T11:51:00,7f790ed7-0fc4-4de2-a1b0-cce72e657fc4,1700,102,1802
1841d415-a2a1-434b-b18f-fecf00f10ea3,9aa562f6-e21f-440e-996e-4921fa827284,2016-09-10T13:43:00,7f790ed7-0fc4-4de2-a1b0-cce72e657fc4,1700,102,1802
1868f75d-64e7-41f9-b5a4-fba93f2071cb,5c214d79-5d83-42e6-929f-c0275f7c28fc,2016-09-18T11:27:00,7f790ed7-0fc4-4de2-a1b0-cce72e657fc4,7000,420,7420
18a9b2bf-176b-4061-8933-01a593aed9e5,e522c479-a277-4f1f-a522-07b64aeb54a7,2016-09-14T12:24:00,7f790ed7-0fc4-4de2-a1b0-cce72e657fc4,4000,240,4240
18c2b448-084a-488c-ad44-21e70b40974d,cec6d6a6-2407-495a-92fb-218b3471cf04,2016-09-20T08:15:00,7f790ed7-0fc4-4de2-a1b0-cce72e657fc4,700,42,742
191d7153-0f4f-4a5a-957d-ed67e4e3caab,96c8937f-d99c-4515-acec-db24d07768f9,2016-09-09T12:42:00,7f790ed7-0fc4-4de2-a1b0-cce72e657fc4,2000,120,2120
1941a24a-f7ed-4225-8ffc-a11aee2dd56a,478cbaf5-21f9-444a-b6ee-145c902181b7,2016-09-19T07:00:00,7f790ed7-0fc4-4de2-a1b0-cce72e657fc4,600,36,636
19eaa539-47ba-42ed-831a-af7a55878838,545b7872-c4e0-4687-8b2f-1d13c03ca2ab,2016-09-13T07:41:00,7f790ed7-0fc4-4de2-a1b0-cce72e657fc4,600,36,636
19f198e5-ff27-45de-997b-7458b333f1ee,1d50c253-2f19-4217-8a39-63a9285e8d81,2016-09-02T12:19:00,7f790ed7-0fc4-4de2-a1b0-cce72e657fc4,700,42,742
1a5c7143-243d-43d1-8617-e836e1b4096d,c0989acc-466e-4107-9990-879c0a599f7f,2016-09-15T12:08:00,7f790ed7-0fc4-4de2-a1b0-cce72e657fc4,4000,240,4240
1a7d56ee-864e-444a-9bf3-c5dcc2f27e56,b9b25607-9aa6-407b-a217-ca3a6ac85ee0,2016-09-07T07:49:00,7f790ed7-0fc4-4de2-a1b0-cce72e657fc4,600,36,636
1ad667cc-5eb0-4815-9606-a54eb0bea6a6,ec5336c1-c2be-4b19-bf92-e56b5cf4058c,2016-09-22T14:02:00,7f790ed7-0fc4-4de2-a1b0-cce72e657fc4,3000,179,3180
1b285c4d-9d10-4616-8d91-73c380b13b31,32220862-dcf9-4740-8c98-99557c0faf5f,2016-09-21T15:27:00,7f790ed7-0fc4-4de2-a1b0-cce72e657fc4,600,36,636
1b2e0045-7fb0-406d-9bba-ffbde6492590,ab7dbeec-fce2-4391-ae75-05274a0e7e75,2016-09-22T14:42:00,7f790ed7-0fc4-4de2-a1b0-cce72e657fc4,1100,65,1166
1b3c4069-c5c3-4943-86a8-f56724a45910,fd560bc8-60b7-4dbf-93e1-6eba6934f599,2016-09-13T08:17:00,7f790ed7-0fc4-4de2-a1b0-cce72e657fc4,400,24,424
1b3efe7a-79df-4fc7-9aec-aa2785deeff6,8715bdb5-b31c-48eb-b7d9-b5dcd38a1de6,2016-09-16T07:58:00,7f790ed7-0fc4-4de2-a1b0-cce72e657fc4,400,24,424
1b5960f0-2f2f-4795-9dd0-9b881efe7dfa,c0822f00-24dd-4196-95f9-6192ea457af3,2016-09-21T16:47:00,7f790ed7-0fc4-4de2-a1b0-cce72e657fc4,500,30,530
1b5e8a98-339a-46e2-b016-22b73c5034cc,d1747387-f31d-48d2-822b-699d6eb93a2b,2016-09-16T08:24:00,7f790ed7-0fc4-4de2-a1b0-cce72e657fc4,400,24,424
1b71f03a-c119-41af-a6d4-3c5a1f53049a,df480bfd-ab00-4510-a9aa-7c221ebbd89b,2016-09-09T10:34:00,7f790ed7-0fc4-4de2-a1b0-cce72e657fc4,2300,138,2438
1b8d59aa-c586-48c0-a63c-92b2427272bd,dbafe507-fda2-48b3-ac00-a14c080210a2,2016-09-08T08:20:00,7f790ed7-0fc4-4de2-a1b0-cce72e657fc4,500,30,530
1bc0e5aa-337f-4e8f-a3bf-6504c66139f2,30169b50-82a4-4785-bafd-3ea0a7813812,2016-09-13T14:12:00,7f790ed7-0fc4-4de2-a1b0-cce72e657fc4,500,30,530
1bdef949-b9c8-46ed-a5d5-90da009a9777,3e48b610-9d7b-4517-95ac-a681038a2855,2016-09-17T12:00:00,7f790ed7-0fc4-4de2-a1b0-cce72e657fc4,2400,144,2544
1c76c4f1-d4fd-48a5-871c-6ba3562ab51e,dbafe507-fda2-48b3-ac00-a14c080210a2,2016-09-20T08:17:00,7f790ed7-0fc4-4de2-a1b0-cce72e657fc4,600,36,636
1d0cd109-f2c6-4b0d-a5d3-ea3154bf17d5,e522c479-a277-4f1f-a522-07b64aeb54a7,2016-09-12T11:38:00,7f790ed7-0fc4-4de2-a1b0-cce72e657fc4,4000,240,4240
1d3fd6c7-66ec-4b99-8a90-fa4953cddcdf,dcfbe751-f532-4901-9574-56e490212f8d,2016-09-01T15:46:00,7f790ed7-0fc4-4de2-a1b0-cce72e657fc4,1600,96,1696
1d55d4e1-0632-444b-ac90-8d6b5a29e329,c0989acc-466e-4107-9990-879c0a599f7f,2016-09-20T11:38:00,7f790ed7-0fc4-4de2-a1b0-cce72e657fc4,3800,227,4028
1d70ba85-01c4-4e1a-ab3f-6dcfbb89f038,1171575c-dd12-412e-a49f-54613cdf14ef,2016-09-01T19:27:00,7f790ed7-0fc4-4de2-a1b0-cce72e657fc4,400,24,424
1d99f6a3-4d31-4c84-a0d4-88cfd92b219e,f742fcc7-ebe1-4d30-a740-a60da005dbf0,2016-09-11T13:15:00,7f790ed7-0fc4-4de2-a1b0-cce72e657fc4,4400,263,4664
1f239189-d6b0-47e9-8de2-238aa06725c6,d7093e25-a54d-4730-8fcf-0258e220b078,2016-09-16T13:17:00,7f790ed7-0fc4-4de2-a1b0-cce72e657fc4,2300,138,2438
1f63f5e0-6ad5-4529-ac4d-f0149912ba92,7c76af9c-d5fd-460e-82d9-5a7b2a4a118b,2016-09-12T08:01:00,7f790ed7-0fc4-4de2-a1b0-cce72e657fc4,400,24,424
1fa8318d-4748-4b94-8e0a-2a2db7f86d56,6a0a2dbe-bc63-4254-8f1b-b07e54cfe560,2016-09-10T13:10:00,7f790ed7-0fc4-4de2-a1b0-cce72e657fc4,1700,102,1802
1fbf0dd0-7144-4a51-8d70-a046b19d3aa1,906c6b58-de58-429c-a0d3-93e8d1f52ed7,2016-09-19T07:23:00,7f790ed7-0fc4-4de2-a1b0-cce72e657fc4,500,30,530
1fc5827d-20d8-4594-9584-7db57916a36d,e3afd136-901c-4557-ad38-9721b1da3d6d,2016-09-14T07:57:00,7f790ed7-0fc4-4de2-a1b0-cce72e657fc4,600,36,636
1ff06694-6a05-4635-8b10-0626b6e56455,c8561416-e50b-42c5-9d99-12c614d3c1e4,2016-09-20T14:30:00,7f790ed7-0fc4-4de2-a1b0-cce72e657fc4,400,24,424
20603c29-5982-46ee-8367-ea29755280e2,b0d4d79d-25cc-4383-88ed-1fc342166ccf,2016-09-09T07:56:00,7f790ed7-0fc4-4de2-a1b0-cce72e657fc4,600,36,636
208f808a-afe8-44ea-a735-c9bb7fd51d32,8b7f9b7f-90b6-4887-88f8-0e198a9b007d,2016-09-16T07:52:00,7f790ed7-0fc4-4de2-a1b0-cce72e657fc4,600,36,636
209cc507-3e8d-4612-a56c-3995490e9902,eb8a5b36-47a8-47ca-9c1b-6417cf79f4b2,2016-09-08T07:47:00,7f790ed7-0fc4-4de2-a1b0-cce72e657fc4,600,36,636
20d6e427-5c3c-4899-aa5c-57bd940e8924,3d03656b-09e3-4786-a347-4f45e4218db9,2016-09-01T17:08:00,7f790ed7-0fc4-4de2-a1b0-cce72e657fc4,600,36,636
21509b6b-8b29-4ef5-9b41-d678810e0aba,b6d57095-e0a2-4811-86f2-01c596ee24fa,2016-09-06T09:05:00,7f790ed7-0fc4-4de2-a1b0-cce72e657fc4,1300,78,1378
21cda2ea-38ff-4f37-9084-d182cae08620,197ce683-0876-41d9-b9b1-c95541abcff9,2016-09-12T08:07:00,7f790ed7-0fc4-4de2-a1b0-cce72e657fc4,400,24,424
22bc866c-589a-42d0-8cd5-0f4e8489dbdd,7cd5e7f3-39c8-48ce-950a-1b70449e7829,2016-09-08T13:31:00,7f790ed7-0fc4-4de2-a1b0-cce72e657fc4,1700,102,1802
22fc7833-85b9-42a9-b3cc-91f6b0c3ee9e,0a5d7d24-6eab-4992-bdd1-8040f4a3d4cf,2016-09-05T13:43:00,7f790ed7-0fc4-4de2-a1b0-cce72e657fc4,1400,84,1484
231aa046-77c9-46a2-ab14-cf72eecce863,0a5516f7-0a39-4fce-8e3c-97fd82d48389,2016-09-03T12:06:00,7f790ed7-0fc4-4de2-a1b0-cce72e657fc4,3900,234,4134
231bd70d-6c3a-4c34-b66e-e00973bf8936,7c76af9c-d5fd-460e-82d9-5a7b2a4a118b,2016-09-08T07:58:00,7f790ed7-0fc4-4de2-a1b0-cce72e657fc4,500,30,530
2326c8ff-fa31-4b43-95bd-d96ca2456172,5498fa51-5a08-411e-a034-3148ad7c5716,2016-09-09T12:51:00,7f790ed7-0fc4-4de2-a1b0-cce72e657fc4,600,36,636
23ebbb0e-bfab-445d-aa6d-7866cf5cef24,8715bdb5-b31c-48eb-b7d9-b5dcd38a1de6,2016-09-19T07:06:00,7f790ed7-0fc4-4de2-a1b0-cce72e657fc4,500,30,530
242b6403-605d-47cc-9fb8-21f26f77d140,312da57f-7410-41f0-b429-91b48047edc3,2016-09-04T10:31:00,7f790ed7-0fc4-4de2-a1b0-cce72e657fc4,5600,336,5936
242de04a-fadf-46c2-bb87-9a055985bad8,ed0eaab6-7120-4997-a4cd-a2e3f2175075,2016-09-22T16:42:00,7f790ed7-0fc4-4de2-a1b0-cce72e657fc4,1800,108,1907
24914fd3-d287-4bc9-851e-304db28c8757,8715bdb5-b31c-48eb-b7d9-b5dcd38a1de6,2016-09-12T07:54:00,7f790ed7-0fc4-4de2-a1b0-cce72e657fc4,500,30,530
24a8236a-e0c8-4b69-a607-562d9da0b6b3,c9c36c88-ddcd-455e-9513-346a0ef806ce,2016-09-13T07:54:00,7f790ed7-0fc4-4de2-a1b0-cce72e657fc4,400,24,424
24ac2d34-8532-4e2b-a112-001f0c9d07b3,1d50c253-2f19-4217-8a39-63a9285e8d81,2016-09-22T16:23:00,7f790ed7-0fc4-4de2-a1b0-cce72e657fc4,500,30,530
24d7adb9-38f2-4a7e-bfe1-1ebe1e46a182,b0d4d79d-25cc-4383-88ed-1fc342166ccf,2016-09-01T08:37:00,7f790ed7-0fc4-4de2-a1b0-cce72e657fc4,700,42,742
256c3f0f-9fa0-4db6-8555-6362f34829b8,b6c0c75f-69af-404b-811d-d329f41aac59,2016-09-19T11:16:00,7f790ed7-0fc4-4de2-a1b0-cce72e657fc4,1000,60,1060
2595167f-09e9-456d-b0fe-36d93561cd2d,b57e8de6-9ffe-4318-8d96-ed66f6f29452,2016-09-16T07:40:00,7f790ed7-0fc4-4de2-a1b0-cce72e657fc4,500,30,530
2599a816-463c-4636-9d94-4ef27dfe6166,7db5dfa7-a22a-4256-a935-6d66bc0bc58b,2016-09-08T08:47:00,7f790ed7-0fc4-4de2-a1b0-cce72e657fc4,700,42,742
25f0590d-2c97-40c8-b739-7af9667d4e42,c8561416-e50b-42c5-9d99-12c614d3c1e4,2016-09-07T09:10:00,7f790ed7-0fc4-4de2-a1b0-cce72e657fc4,4600,276,4876
2612f382-21c7-468f-a097-9bf64bd582b1,c8561416-e50b-42c5-9d99-12c614d3c1e4,2016-09-19T13:57:00,7f790ed7-0fc4-4de2-a1b0-cce72e657fc4,3700,221,3922
262d4464-e184-4f38-a48d-359a11a5c9a9,9f0be1ee-2d27-495e-b63e-6ef23b4f8f40,2016-09-06T07:56:00,7f790ed7-0fc4-4de2-a1b0-cce72e657fc4,500,30,530
26d1c7c1-aed2-4ae8-9bda-b927766f6e22,a8f8cf06-feff-45cd-a988-08e940ae8300,2016-09-08T11:40:00,7f790ed7-0fc4-4de2-a1b0-cce72e657fc4,1800,108,1907
26f12d3c-476a-4d14-8e17-cd0507deca49,7ddb6348-6ba6-4304-87da-af57df7e7142,2016-09-20T08:34:00,7f790ed7-0fc4-4de2-a1b0-cce72e657fc4,700,42,742
270b4755-04cf-4ca7-8262-1792417c1191,b9b25607-9aa6-407b-a217-ca3a6ac85ee0,2016-09-12T07:35:00,7f790ed7-0fc4-4de2-a1b0-cce72e657fc4,400,24,424
273551c4-f3bd-4e62-b0fb-967784bb356d,6f268812-0b7b-43a3-b56e-39aaf71a5dba,2016-09-09T11:27:00,7f790ed7-0fc4-4de2-a1b0-cce72e657fc4,1100,65,1166
27e81f2d-d864-46b2-b57d-f6848f897bf0,906c6b58-de58-429c-a0d3-93e8d1f52ed7,2016-09-14T07:46:00,7f790ed7-0fc4-4de2-a1b0-cce72e657fc4,600,36,636
27ff3f2b-63bc-4a96-a54c-01af7fb21b3d,ddf496c0-2646-4378-9b71-9c041f4a43f6,2016-09-11T13:16:00,7f790ed7-0fc4-4de2-a1b0-cce72e657fc4,1800,108,1907
28094733-f90c-4f95-864b-a9c90af23ed3,eb8a5b36-47a8-47ca-9c1b-6417cf79f4b2,2016-09-01T07:58:00,7f790ed7-0fc4-4de2-a1b0-cce72e657fc4,400,24,424
2818ef7a-ac4b-4ea6-bb47-874f8ec4e593,7db5dfa7-a22a-4256-a935-6d66bc0bc58b,2016-09-19T07:57:00,7f790ed7-0fc4-4de2-a1b0-cce72e657fc4,500,30,530
28bf809a-7b3b-4272-8836-12a8a858ae10,aadf86e7-5ffa-459c-b0c6-39c2f2dcc137,2016-09-05T11:04:00,7f790ed7-0fc4-4de2-a1b0-cce72e657fc4,3600,216,3815
290c9c3b-c58c-45da-83ae-dc8fe1751b08,eb8a5b36-47a8-47ca-9c1b-6417cf79f4b2,2016-09-16T08:42:00,7f790ed7-0fc4-4de2-a1b0-cce72e657fc4,500,30,530
293edcfb-b59a-49e7-8b86-e3d055c5913e,94be223f-41c2-49be-a0dc-e08757a83cd0,2016-09-20T12:19:00,7f790ed7-0fc4-4de2-a1b0-cce72e657fc4,700,42,742
2970ddf2-686b-4f73-925e-d09b61f83c20,c93c6590-67d9-4158-aa3c-56b31e7fa654,2016-09-06T08:26:00,7f790ed7-0fc4-4de2-a1b0-cce72e657fc4,600,36,636
2a86050c-7770-4607-af17-f488e82078f7,0a5516f7-0a39-4fce-8e3c-97fd82d48389,2016-09-17T12:28:00,7f790ed7-0fc4-4de2-a1b0-cce72e657fc4,3800,227,4028
2a882d09-0ed3-43e6-8793-ad44643da32b,e0ba2ea8-9a1d-455b-9fe1-012fc04d4d70,2016-09-15T14:16:00,7f790ed7-0fc4-4de2-a1b0-cce72e657fc4,900,54,953
2aa7015b-8093-496c-8bd9-96781dd68ba1,d7093e25-a54d-4730-8fcf-0258e220b078,2016-09-06T13:50:00,7f790ed7-0fc4-4de2-a1b0-cce72e657fc4,2400,144,2544
2acd8f66-9482-4da2-a38b-5ad32b32691a,9f0be1ee-2d27-495e-b63e-6ef23b4f8f40,2016-09-19T08:11:00,7f790ed7-0fc4-4de2-a1b0-cce72e657fc4,400,24,424
2b6cc86d-b174-43aa-b3b1-064c7dd276bd,a2cb78ed-abfd-4cdc-a7ec-e9ae8a6a2012,2016-09-22T13:53:00,7f790ed7-0fc4-4de2-a1b0-cce72e657fc4,1700,102,1802
2be69001-541d-4a3c-9f50-bff8a93c8ece,3dd5e6a2-b23b-4ee5-b866-34d2e0a1cd88,2016-09-19T08:10:00,7f790ed7-0fc4-4de2-a1b0-cce72e657fc4,700,42,742
2bf7f0f3-b08c-4b42-950c-24a26dd45a59,ed7cc815-292d-4c63-83f5-1716f0d3a864,2016-09-17T13:53:00,7f790ed7-0fc4-4de2-a1b0-cce72e657fc4,7200,432,7631
2c54134f-2322-4704-9f82-e2e9b77bcb19,96c8937f-d99c-4515-acec-db24d07768f9,2016-09-01T09:35:00,7f790ed7-0fc4-4de2-a1b0-cce72e657fc4,4800,288,5088
2c85385f-7559-4613-b587-dfb7c3fc6157,7ddb6348-6ba6-4304-87da-af57df7e7142,2016-09-01T09:44:00,7f790ed7-0fc4-4de2-a1b0-cce72e657fc4,600,36,636
2cbd201e-fb92-4ae9-94ac-c9d394d0f81b,a40cca2b-cb31-42ad-8158-39b67128d0e4,2016-09-13T07:55:00,7f790ed7-0fc4-4de2-a1b0-cce72e657fc4,500,30,530
2d86af6a-ced6-4852-a084-3b2c51c6f509,ca15efb7-c4fa-42f4-8445-ab1d8c7193cd,2016-09-08T08:14:00,7f790ed7-0fc4-4de2-a1b0-cce72e657fc4,700,42,742
2d8efeea-8f77-4622-96cf-f9b1c8a2d462,b9b25607-9aa6-407b-a217-ca3a6ac85ee0,2016-09-19T08:19:00,7f790ed7-0fc4-4de2-a1b0-cce72e657fc4,400,24,424
2e770797-c87f-4528-90cf-217a351793df,2dc6f7be-df65-457f-b47f-f858ff7d59ba,2016-09-20T11:15:00,7f790ed7-0fc4-4de2-a1b0-cce72e657fc4,800,48,848
2ea5ff4b-71d4-4205-b864-0896376d30d0,85c4a5a4-0973-4654-b01f-3e92e0dd34ad,2016-09-22T16:21:00,7f790ed7-0fc4-4de2-a1b0-cce72e657fc4,700,42,742
2ed54a48-29b8-4965-babf-b450efe0fd66,c074e00d-755a-4ee3-9efb-9d6786b9517e,2016-09-13T08:44:00,7f790ed7-0fc4-4de2-a1b0-cce72e657fc4,400,24,424
2efac788-917b-43fa-ab2b-2663162fb5e5,29a9dfd0-5ff8-4fdb-a3d5-d7a3928e5f00,2016-09-07T08:07:00,7f790ed7-0fc4-4de2-a1b0-cce72e657fc4,500,30,530
2f28475f-65ff-4ced-8162-68b6d2e6d90b,db0d9043-952a-495e-8608-815fdef24bb9,2016-09-19T08:10:00,7f790ed7-0fc4-4de2-a1b0-cce72e657fc4,700,42,742
2f855f1f-664e-4dc7-8985-6ce0d7f7e3d4,9c1547b6-05dc-4534-a60f-c75d32b243f3,2016-09-01T11:50:00,7f790ed7-0fc4-4de2-a1b0-cce72e657fc4,2700,162,2862
2fa4f964-c577-439d-ab1f-be490e2e0bca,c8561416-e50b-42c5-9d99-12c614d3c1e4,2016-09-15T08:48:00,7f790ed7-0fc4-4de2-a1b0-cce72e657fc4,600,36,636
2fa784a0-2522-49bc-a324-c354cfe353c7,13b40b8c-ccde-403f-bd97-e6059d0b457c,2016-09-08T12:12:00,7f790ed7-0fc4-4de2-a1b0-cce72e657fc4,1600,96,1696
3017bce1-2a50-4857-a68a-2d9d22255ef8,29a9dfd0-5ff8-4fdb-a3d5-d7a3928e5f00,2016-09-05T07:49:00,7f790ed7-0fc4-4de2-a1b0-cce72e657fc4,600,36,636
3030a760-50ae-4054-a899-beabf901053f,8715bdb5-b31c-48eb-b7d9-b5dcd38a1de6,2016-09-09T09:04:00,7f790ed7-0fc4-4de2-a1b0-cce72e657fc4,400,24,424
3032de33-f225-4d48-aabf-8acac53a0fe1,7fcfca53-3da9-4612-8a28-73c497d094a6,2016-09-22T15:03:00,7f790ed7-0fc4-4de2-a1b0-cce72e657fc4,1200,72,1272
3099e82f-e998-499b-9e50-7d723b7ba2be,c0989acc-466e-4107-9990-879c0a599f7f,2016-09-07T14:43:00,7f790ed7-0fc4-4de2-a1b0-cce72e657fc4,1200,72,1272
30c7c29c-642a-45be-bbb8-817d02af9655,dbafe507-fda2-48b3-ac00-a14c080210a2,2016-09-19T07:17:00,7f790ed7-0fc4-4de2-a1b0-cce72e657fc4,700,42,742
30ec5776-e4fe-409f-8a63-03ce441d0e9f,c074e00d-755a-4ee3-9efb-9d6786b9517e,2016-09-01T07:44:00,7f790ed7-0fc4-4de2-a1b0-cce72e657fc4,600,36,636
3149bf3d-fd64-448c-a2b2-76192ce42d1b,b028022d-60ff-416a-9106-f3e73dac72d2,2016-09-08T09:04:00,7f790ed7-0fc4-4de2-a1b0-cce72e657fc4,400,24,424
316b80e4-b883-40a2-b9c2-321a11c56caf,ca15efb7-c4fa-42f4-8445-ab1d8c7193cd,2016-09-14T08:01:00,7f790ed7-0fc4-4de2-a1b0-cce72e657fc4,400,24,424
31cf1a9a-df2a-4821-b496-96c9d7d489d2,4cd349ff-2024-402e-873f-ae58b4d09deb,2016-09-10T09:37:00,7f790ed7-0fc4-4de2-a1b0-cce72e657fc4,2100,126,2226
32f75bf0-cc39-4676-a394-b673f8374141,e3afd136-901c-4557-ad38-9721b1da3d6d,2016-09-07T08:22:00,7f790ed7-0fc4-4de2-a1b0-cce72e657fc4,700,42,742
337ed46c-1ce2-4e84-970e-55bcc6d3f0d7,545b7872-c4e0-4687-8b2f-1d13c03ca2ab,2016-09-14T08:18:00,7f790ed7-0fc4-4de2-a1b0-cce72e657fc4,400,24,424
3430a841-943f-47b7-bdd7-6288af298254,b57e8de6-9ffe-4318-8d96-ed66f6f29452,2016-09-02T09:16:00,7f790ed7-0fc4-4de2-a1b0-cce72e657fc4,600,36,636
343fd863-b864-400c-aee1-ac82381a5c33,e3afd136-901c-4557-ad38-9721b1da3d6d,2016-09-22T07:50:00,7f790ed7-0fc4-4de2-a1b0-cce72e657fc4,600,36,636
3464fff3-22a9-4b73-9be7-a44fd4670429,b028022d-60ff-416a-9106-f3e73dac72d2,2016-09-05T08:32:00,7f790ed7-0fc4-4de2-a1b0-cce72e657fc4,500,30,530
34752e33-090e-4762-9a44-7ad9286aa84f,545b7872-c4e0-4687-8b2f-1d13c03ca2ab,2016-09-20T08:11:00,7f790ed7-0fc4-4de2-a1b0-cce72e657fc4,500,30,530
34c523b7-8575-4a6a-8177-61b7e151024f,89e063d4-d84b-436d-a7ae-826f80d9d013,2016-09-02T09:04:00,7f790ed7-0fc4-4de2-a1b0-cce72e657fc4,600,36,636
357cbd18-e052-4457-a96b-9409e1e9b367,ab7dbeec-fce2-4391-ae75-05274a0e7e75,2016-09-02T15:29:00,7f790ed7-0fc4-4de2-a1b0-cce72e657fc4,600,36,636
35e46485-6225-4a33-ae0e-c05db9961cb1,7db5dfa7-a22a-4256-a935-6d66bc0bc58b,2016-09-12T08:07:00,7f790ed7-0fc4-4de2-a1b0-cce72e657fc4,400,24,424
3637cec4-43ba-4fca-ac36-a75ea49161d2,bcfca76e-53b3-4d76-8706-1e010a91cafc,2016-09-21T15:40:00,7f790ed7-0fc4-4de2-a1b0-cce72e657fc4,1300,78,1378
36d1aae9-37e5-4298-bb91-e537660b3b38,c0822f00-24dd-4196-95f9-6192ea457af3,2016-09-06T12:40:00,7f790ed7-0fc4-4de2-a1b0-cce72e657fc4,1100,65,1166
3757a4d0-a05a-4592-845e-f04445a03d9a,56add541-dabb-4a72-94ed-7f95f35950c1,2016-09-22T18:38:00,7f790ed7-0fc4-4de2-a1b0-cce72e657fc4,500,30,530
37741c49-a68d-492d-bbd1-e8d84ad07bfe,8b7f9b7f-90b6-4887-88f8-0e198a9b007d,2016-09-19T07:37:00,7f790ed7-0fc4-4de2-a1b0-cce72e657fc4,600,36,636
382678e9-9d13-412f-883d-f1fabc05a5a2,ec5336c1-c2be-4b19-bf92-e56b5cf4058c,2016-09-04T09:34:00,7f790ed7-0fc4-4de2-a1b0-cce72e657fc4,2900,174,3074
389c0388-faba-4645-b93d-2eb58d1cfdfd,7cd5e7f3-39c8-48ce-950a-1b70449e7829,2016-09-21T15:42:00,7f790ed7-0fc4-4de2-a1b0-cce72e657fc4,500,30,530
38f566b2-5691-440f-bdc9-bf7da5cc3753,b52d2130-df67-4e8a-b021-35b336e77cab,2016-09-02T10:12:00,7f790ed7-0fc4-4de2-a1b0-cce72e657fc4,700,42,742
3977a76a-7aa8-4c3f-b7a3-65db8e9a06e4,29a9dfd0-5ff8-4fdb-a3d5-d7a3928e5f00,2016-09-15T09:19:00,7f790ed7-0fc4-4de2-a1b0-cce72e657fc4,600,36,636
39e9b9c8-5081-4211-83fe-804e11d18873,dbafe507-fda2-48b3-ac00-a14c080210a2,2016-09-07T07:58:00,7f790ed7-0fc4-4de2-a1b0-cce72e657fc4,400,24,424
3a0626c0-4ffd-4a48-9cec-32745c1c1474,c074e00d-755a-4ee3-9efb-9d6786b9517e,2016-09-19T07:43:00,7f790ed7-0fc4-4de2-a1b0-cce72e657fc4,600,36,636
3a0a9efd-1d10-4ab9-89bf-b0b2bd8efeed,cec6d6a6-2407-495a-92fb-218b3471cf04,2016-09-01T08:04:00,7f790ed7-0fc4-4de2-a1b0-cce72e657fc4,400,24,424
3a18e495-b54c-40d3-a73c-143cbdc89f10,db0d9043-952a-495e-8608-815fdef24bb9,2016-09-02T07:33:00,7f790ed7-0fc4-4de2-a1b0-cce72e657fc4,600,36,636
3a2a77f2-daca-4fdc-ab88-88064e2c0a3e,141ef4eb-16c8-4cd2-bf56-c27041992abb,2016-09-04T10:04:00,7f790ed7-0fc4-4de2-a1b0-cce72e657fc4,6700,401,7102
3a9edf59-7896-4354-bc78-dd8bc42286b5,b6d57095-e0a2-4811-86f2-01c596ee24fa,2016-09-22T19:28:00,7f790ed7-0fc4-4de2-a1b0-cce72e657fc4,1700,102,1802
3b0d1d4e-69e9-42c2-9580-6d1f2fc52bf9,ca15efb7-c4fa-42f4-8445-ab1d8c7193cd,2016-09-07T08:37:00,7f790ed7-0fc4-4de2-a1b0-cce72e657fc4,600,36,636
3b49414a-e1bd-4600-849a-19b9825958ee,9f0be1ee-2d27-495e-b63e-6ef23b4f8f40,2016-09-05T07:19:00,7f790ed7-0fc4-4de2-a1b0-cce72e657fc4,600,36,636
3c5d5163-8acf-4af3-b09b-eef6fc9c4b74,f854ccd7-c344-4dcb-be1f-5155b203260d,2016-09-22T07:11:00,7f790ed7-0fc4-4de2-a1b0-cce72e657fc4,2900,174,3074
3d12eb16-1bbb-47ad-a732-bf156c322fa6,7cd5e7f3-39c8-48ce-950a-1b70449e7829,2016-09-01T19:58:00,7f790ed7-0fc4-4de2-a1b0-cce72e657fc4,600,36,636
3d2fcee8-ec91-4ac8-8d40-3e4216c81f78,ee77f7ea-85a5-4ebc-8211-362592fb73d9,2016-09-19T08:29:00,7f790ed7-0fc4-4de2-a1b0-cce72e657fc4,400,24,424
3d300a9b-2310-4b99-bdc4-97bde36e2c26,e522c479-a277-4f1f-a522-07b64aeb54a7,2016-09-18T12:49:00,7f790ed7-0fc4-4de2-a1b0-cce72e657fc4,0,0,0
3d3901be-cf03-4085-ae1f-8719ecdf1065,96c8937f-d99c-4515-acec-db24d07768f9,2016-09-20T14:25:00,7f790ed7-0fc4-4de2-a1b0-cce72e657fc4,2300,138,2438
3d6e3e7f-7dd7-44ae-a090-89f0a6c4a885,3e061362-3089-4225-b440-a1e21ca9c640,2016-09-17T13:15:00,7f790ed7-0fc4-4de2-a1b0-cce72e657fc4,7100,426,7526
3e9634d3-a044-4b4d-b863-a1af7f40bc30,ab7dbeec-fce2-4391-ae75-05274a0e7e75,2016-09-14T13:10:00,7f790ed7-0fc4-4de2-a1b0-cce72e657fc4,1100,65,1166
3ec89810-908a-4c98-9759-6bc52415911e,3dd5e6a2-b23b-4ee5-b866-34d2e0a1cd88,2016-09-09T08:08:00,7f790ed7-0fc4-4de2-a1b0-cce72e657fc4,500,30,530
3ef437c6-901f-4f73-ac71-ac10472b976b,14cf5ae6-46f6-4727-8b31-099c771e67e7,2016-09-20T07:34:00,7f790ed7-0fc4-4de2-a1b0-cce72e657fc4,600,36,636
3f47b1f9-b3c1-45fd-bf6f-a20313031c78,9bb9e572-d84b-4150-9ae3-6c40a9db726e,2016-09-21T10:42:00,7f790ed7-0fc4-4de2-a1b0-cce72e657fc4,0,0,0
3f5c8eb3-54b4-4c64-ba47-26120f147b13,7c76af9c-d5fd-460e-82d9-5a7b2a4a118b,2016-09-05T08:05:00,7f790ed7-0fc4-4de2-a1b0-cce72e657fc4,700,42,742
3f639a73-4615-4da7-a9e9-5900d4d61eac,9bb9e572-d84b-4150-9ae3-6c40a9db726e,2016-09-07T15:06:00,7f790ed7-0fc4-4de2-a1b0-cce72e657fc4,2900,174,3074
3fab9b53-1506-44b3-a961-98bda3cedb3c,50895683-b612-4b60-a177-792f7acd1284,2016-09-06T09:29:00,7f790ed7-0fc4-4de2-a1b0-cce72e657fc4,2100,126,2226
3fccd8a0-1879-4305-b86b-deb2d32117ec,e522c479-a277-4f1f-a522-07b64aeb54a7,2016-09-08T14:18:00,7f790ed7-0fc4-4de2-a1b0-cce72e657fc4,1000,60,1060
3fd459b3-d5a7-4dfd-9589-cb15217c3e10,026f0a0c-400a-4482-a51f-c8bd57fb07df,2016-09-02T18:29:00,7f790ed7-0fc4-4de2-a1b0-cce72e657fc4,1700,102,1802
4061fb8b-05eb-4bfc-8f9d-c23421641cbd,3e48b610-9d7b-4517-95ac-a681038a2855,2016-09-20T13:09:00,7f790ed7-0fc4-4de2-a1b0-cce72e657fc4,0,0,0
4073dc5a-6a28-42f1-a425-d0a34a1fd0ae,96c8937f-d99c-4515-acec-db24d07768f9,2016-09-10T13:50:00,7f790ed7-0fc4-4de2-a1b0-cce72e657fc4,3100,186,3286
40880c56-4469-4817-a464-e18d6001cc87,96c8937f-d99c-4515-acec-db24d07768f9,2016-09-12T11:28:00,7f790ed7-0fc4-4de2-a1b0-cce72e657fc4,2800,168,2968
40acb118-0653-496a-a1f3-e284f2e7633b,ac22e00c-bce7-4bcb-b15c-bd247a90d81f,2016-09-13T08:30:00,7f790ed7-0fc4-4de2-a1b0-cce72e657fc4,600,36,636
40bdb3fb-506f-463b-9b05-048fe4cf288c,a40cca2b-cb31-42ad-8158-39b67128d0e4,2016-09-06T07:48:00,7f790ed7-0fc4-4de2-a1b0-cce72e657fc4,400,24,424
412ad670-dff1-4a94-9335-71788442a928,053a890c-690a-4e3c-8e32-e5fc28b63d61,2016-09-04T08:27:00,7f790ed7-0fc4-4de2-a1b0-cce72e657fc4,1600,96,1696
416b3d84-bd8a-4148-8c21-9786cd6d58a5,cec6d6a6-2407-495a-92fb-218b3471cf04,2016-09-16T07:57:00,7f790ed7-0fc4-4de2-a1b0-cce72e657fc4,400,24,424
4225537c-187a-4c3c-bed0-307ecde1d828,d7093e25-a54d-4730-8fcf-0258e220b078,2016-09-22T14:23:00,7f790ed7-0fc4-4de2-a1b0-cce72e657fc4,2100,126,2226
428adc2f-72ab-4c99-bc7c-f4b60e58861b,e9e2d5e2-3f7f-41e7-87c9-4d91d2369faf,2016-09-07T13:23:00,7f790ed7-0fc4-4de2-a1b0-cce72e657fc4,3300,198,3497
42fab6d8-6a59-43e8-a0ab-018ac6cdd3d1,4323ffc3-3427-4b96-89db-d2b926105e06,2016-09-09T17:44:00,7f790ed7-0fc4-4de2-a1b0-cce72e657fc4,2200,131,2332
43b8a915-c26a-4830-aa68-0c288e525bd4,a050572b-cd8e-4453-a550-b66b82677239,2016-09-04T10:49:00,7f790ed7-0fc4-4de2-a1b0-cce72e657fc4,1600,96,1696
4466aff2-c7ae-450b-b1ab-3c541b0dce04,3dd5e6a2-b23b-4ee5-b866-34d2e0a1cd88,2016-09-02T07:33:00,7f790ed7-0fc4-4de2-a1b0-cce72e657fc4,400,24,424
44886247-c9a7-495f-90df-796c26b48f29,c93c6590-67d9-4158-aa3c-56b31e7fa654,2016-09-08T08:42:00,7f790ed7-0fc4-4de2-a1b0-cce72e657fc4,500,30,530
449e7e29-7466-4d46-872c-ba6b6e2a640e,8b7f9b7f-90b6-4887-88f8-0e198a9b007d,2016-09-06T08:13:00,7f790ed7-0fc4-4de2-a1b0-cce72e657fc4,600,36,636
44f1cfdc-97ce-403c-9a53-6421c57528e6,a8f8cf06-feff-45cd-a988-08e940ae8300,2016-09-17T13:58:00,7f790ed7-0fc4-4de2-a1b0-cce72e657fc4,4200,252,4452
44f95154-3cd4-47b7-b463-a93fd4fcd4ec,9f0be1ee-2d27-495e-b63e-6ef23b4f8f40,2016-09-07T08:03:00,7f790ed7-0fc4-4de2-a1b0-cce72e657fc4,600,36,636
44faaa68-6fa2-4c09-8ad1-84366a3519fd,dd7021b7-00fa-43cb-a061-6f601d08380d,2016-09-15T07:26:00,7f790ed7-0fc4-4de2-a1b0-cce72e657fc4,400,24,424
453b03df-9f80-4240-84e6-1c388e36c2bf,b16ff5a4-7808-4246-9b12-b0e4b37be33d,2016-09-20T13:18:00,7f790ed7-0fc4-4de2-a1b0-cce72e657fc4,1200,72,1272
458c8b1c-eb9b-446e-ba11-27f41c3b828d,ee77f7ea-85a5-4ebc-8211-362592fb73d9,2016-09-08T07:32:00,7f790ed7-0fc4-4de2-a1b0-cce72e657fc4,600,36,636
459ced2c-db91-454c-b78d-a4fc92ced988,3062db39-de89-445f-b2d6-286f18889e03,2016-09-10T13:41:00,7f790ed7-0fc4-4de2-a1b0-cce72e657fc4,7100,426,7526
45e23004-f2e1-42ec-8899-0a300ad47717,90831ddd-286f-4f2d-9c72-bfd03c07460c,2016-09-07T19:27:00,7f790ed7-0fc4-4de2-a1b0-cce72e657fc4,1700,102,1802
46013f5a-af69-44a3-841f-7684b18feeb7,14cf5ae6-46f6-4727-8b31-099c771e67e7,2016-09-13T07:11:00,7f790ed7-0fc4-4de2-a1b0-cce72e657fc4,600,36,636
466c9413-73c0-48e6-be56-3e2ea26f8ebd,8b7f9b7f-90b6-4887-88f8-0e198a9b007d,2016-09-14T07:40:00,7f790ed7-0fc4-4de2-a1b0-cce72e657fc4,600,36,636
46d62848-412d-4d5e-9733-37339278fcc0,aadf86e7-5ffa-459c-b0c6-39c2f2dcc137,2016-09-07T13:44:00,7f790ed7-0fc4-4de2-a1b0-cce72e657fc4,700,42,742
46fb4c7d-0fda-4a99-ab92-ab0ddb0b4c1c,14cf5ae6-46f6-4727-8b31-099c771e67e7,2016-09-15T08:34:00,7f790ed7-0fc4-4de2-a1b0-cce72e657fc4,400,24,424
470a4403-d23c-4afa-83d5-87f291762758,a40cca2b-cb31-42ad-8158-39b67128d0e4,2016-09-05T07:46:00,7f790ed7-0fc4-4de2-a1b0-cce72e657fc4,500,30,530
47d7764b-f7c0-4956-9353-7c390c298de9,a8f8cf06-feff-45cd-a988-08e940ae8300,2016-09-19T07:37:00,7f790ed7-0fc4-4de2-a1b0-cce72e657fc4,2400,144,2544
47d8fc6e-94bd-4d45-bfbc-f3cedca6cf38,907024d1-9f03-490a-a92f-686ea99c55f2,2016-09-16T15:03:00,7f790ed7-0fc4-4de2-a1b0-cce72e657fc4,400,24,424
47e332ca-7a62-48ec-8032-7230aad7f078,d7093e25-a54d-4730-8fcf-0258e220b078,2016-09-14T16:31:00,7f790ed7-0fc4-4de2-a1b0-cce72e657fc4,1000,60,1060
48b5f333-06b9-49d6-90b4-0a1657069594,b6c0c75f-69af-404b-811d-d329f41aac59,2016-09-20T10:25:00,7f790ed7-0fc4-4de2-a1b0-cce72e657fc4,1700,102,1802
4946ccad-c414-4334-9c6b-6dc410a0aa27,3e48b610-9d7b-4517-95ac-a681038a2855,2016-09-14T12:06:00,7f790ed7-0fc4-4de2-a1b0-cce72e657fc4,4000,240,4240
4971f2b3-8d6c-46ea-8b03-aed55c9e2e66,1d50c253-2f19-4217-8a39-63a9285e8d81,2016-09-15T13:50:00,7f790ed7-0fc4-4de2-a1b0-cce72e657fc4,500,30,530
49856fb2-4bf1-4f56-987f-5d76acdb6c5c,dd6bd50b-a7ce-4e67-a8af-18b9fc0d00d2,2016-09-22T16:08:00,7f790ed7-0fc4-4de2-a1b0-cce72e657fc4,1800,108,1907
49b6b20e-72cc-4de1-b4d0-4b3e09fe52e4,026f0a0c-400a-4482-a51f-c8bd57fb07df,2016-09-05T08:32:00,7f790ed7-0fc4-4de2-a1b0-cce72e657fc4,1000,60,1060
49d5d50b-a8bd-48ea-89a8-9b3a26314880,0551e79c-9e23-4566-8ae7-f3f82d3108f1,2016-09-01T13:43:00,7f790ed7-0fc4-4de2-a1b0-cce72e657fc4,2400,144,2544
49d8754c-8870-4fbb-a695-b88d27d726c2,db0d9043-952a-495e-8608-815fdef24bb9,2016-09-09T07:57:00,7f790ed7-0fc4-4de2-a1b0-cce72e657fc4,600,36,636
4a3611ba-0cf0-4059-9760-e909246dbe9a,eb8a5b36-47a8-47ca-9c1b-6417cf79f4b2,2016-09-19T07:19:00,7f790ed7-0fc4-4de2-a1b0-cce72e657fc4,400,24,424
4a431049-31a6-4737-a913-6f353049657b,c9c36c88-ddcd-455e-9513-346a0ef806ce,2016-09-05T07:39:00,7f790ed7-0fc4-4de2-a1b0-cce72e657fc4,600,36,636
4a703d8e-8034-4b03-9423-39e808cf4055,545b7872-c4e0-4687-8b2f-1d13c03ca2ab,2016-09-07T07:45:00,7f790ed7-0fc4-4de2-a1b0-cce72e657fc4,700,42,742
4ac36e89-894d-41b9-aa03-d74bf105ce5c,13b40b8c-ccde-403f-bd97-e6059d0b457c,2016-09-09T13:11:00,7f790ed7-0fc4-4de2-a1b0-cce72e657fc4,2300,138,2438
4aed8216-109d-4cd5-a841-fc1b4809f981,906c6b58-de58-429c-a0d3-93e8d1f52ed7,2016-09-06T07:43:00,7f790ed7-0fc4-4de2-a1b0-cce72e657fc4,400,24,424
4b60c842-2773-40f1-8be1-93c36df2b587,ca15efb7-c4fa-42f4-8445-ab1d8c7193cd,2016-09-02T08:44:00,7f790ed7-0fc4-4de2-a1b0-cce72e657fc4,600,36,636
4b885abd-eb5f-45d2-98ba-e292b6f64973,3dd5e6a2-b23b-4ee5-b866-34d2e0a1cd88,2016-09-05T07:57:00,7f790ed7-0fc4-4de2-a1b0-cce72e657fc4,600,36,636
4baaa4e9-8a01-4122-ab53-988feca9b0c0,c0822f00-24dd-4196-95f9-6192ea457af3,2016-09-22T14:21:00,7f790ed7-0fc4-4de2-a1b0-cce72e657fc4,500,30,530
4c24c6d2-f3c9-4c0d-8ed4-7d2df6eea970,dde6966e-b60f-4c1c-8a27-efaf20f721e7,2016-09-21T17:20:00,7f790ed7-0fc4-4de2-a1b0-cce72e657fc4,1800,108,1907
4c4c8067-cbf3-4df0-a06b-392efcc7e04a,49c914fa-08b8-4ea1-b938-6cb861ed3e70,2016-09-10T11:04:00,7f790ed7-0fc4-4de2-a1b0-cce72e657fc4,2900,174,3074
4c8b04f6-21e2-4d2a-8cf9-79fb6b9fb219,dd7021b7-00fa-43cb-a061-6f601d08380d,2016-09-01T07:00:00,7f790ed7-0fc4-4de2-a1b0-cce72e657fc4,700,42,742
4ca409ce-7856-42fa-a520-4c1e7541de0d,1b3b33c7-3982-45e0-a2fa-9e33ee3b8948,2016-09-03T12:52:00,7f790ed7-0fc4-4de2-a1b0-cce72e657fc4,8600,516,9116
4cb4e2bd-86a2-4f45-9712-261e5f2c424f,a3e448f8-9619-48cd-9461-0bd639e665b5,2016-09-22T10:29:00,7f790ed7-0fc4-4de2-a1b0-cce72e657fc4,1800,108,1907
4d00d155-9ce5-464d-9364-353be9f9ad82,ac22e00c-bce7-4bcb-b15c-bd247a90d81f,2016-09-02T07:44:00,7f790ed7-0fc4-4de2-a1b0-cce72e657fc4,500,30,530
4d52ff48-5cba-4abb-a001-df0fd57366b0,c93c6590-67d9-4158-aa3c-56b31e7fa654,2016-09-07T07:47:00,7f790ed7-0fc4-4de2-a1b0-cce72e657fc4,600,36,636
4d5df407-a3d6-430d-8bbc-b084b924aff2,eb99027a-ca0c-4014-b2fb-8a43c1d57039,2016-09-09T11:57:00,7f790ed7-0fc4-4de2-a1b0-cce72e657fc4,900,54,953
4dd1f6c1-9bff-4b62-abb5-574bac7727ac,a1d0024c-8d49-47f7-99b3-14c942239ebf,2016-09-01T11:03:00,7f790ed7-0fc4-4de2-a1b0-cce72e657fc4,400,24,424
4de66e9b-b55d-4f0f-b9e6-50ad37f01f3a,13735417-429d-44da-a3ca-31d912820071,2016-09-05T11:07:00,7f790ed7-0fc4-4de2-a1b0-cce72e657fc4,600,36,636
4e094a8a-d7d7-486f-8e0f-83756b9e7961,a97a3647-68ff-458f-b31c-b7c9e88d8d2e,2016-09-11T11:01:00,7f790ed7-0fc4-4de2-a1b0-cce72e657fc4,1800,108,1907
4e1a8191-36b4-4054-b469-5e4541ed7476,df480bfd-ab00-4510-a9aa-7c221ebbd89b,2016-09-20T13:54:00,7f790ed7-0fc4-4de2-a1b0-cce72e657fc4,2700,162,2862
4e24dae8-0959-413c-987f-38695c38b447,c074e00d-755a-4ee3-9efb-9d6786b9517e,2016-09-07T07:22:00,7f790ed7-0fc4-4de2-a1b0-cce72e657fc4,400,24,424
4e26de83-ba93-4191-8a1d-530f73aff118,e3afd136-901c-4557-ad38-9721b1da3d6d,2016-09-19T08:22:00,7f790ed7-0fc4-4de2-a1b0-cce72e657fc4,500,30,530
4e7de88a-310b-4634-83d3-88f688e84da2,3d03656b-09e3-4786-a347-4f45e4218db9,2016-09-14T12:20:00,7f790ed7-0fc4-4de2-a1b0-cce72e657fc4,700,42,742
4efffdef-db89-4e18-b04d-507de513d24d,7c76af9c-d5fd-460e-82d9-5a7b2a4a118b,2016-09-20T07:49:00,7f790ed7-0fc4-4de2-a1b0-cce72e657fc4,400,24,424
4f02cdd7-3d0d-4907-9ab4-19c736fa3ca7,a40cca2b-cb31-42ad-8158-39b67128d0e4,2016-09-12T08:38:00,7f790ed7-0fc4-4de2-a1b0-cce72e657fc4,600,36,636
4f1b3065-5337-44b6-8674-75c930f16f3b,f742fcc7-ebe1-4d30-a740-a60da005dbf0,2016-09-21T14:34:00,7f790ed7-0fc4-4de2-a1b0-cce72e657fc4,4000,240,4240
4f1ff56e-1b34-46b9-96bf-0fbc34ef698f,dacf3f99-3805-4ac8-8ca0-aea33a8990cc,2016-09-21T08:07:00,7f790ed7-0fc4-4de2-a1b0-cce72e657fc4,500,30,530
4f5cec94-5ead-4b1b-8fad-6379e47a530f,c074e00d-755a-4ee3-9efb-9d6786b9517e,2016-09-16T07:23:00,7f790ed7-0fc4-4de2-a1b0-cce72e657fc4,400,24,424
4f6b2bc8-162d-48e9-88f9-c65e80908a2e,cec6d6a6-2407-495a-92fb-218b3471cf04,2016-09-08T07:23:00,7f790ed7-0fc4-4de2-a1b0-cce72e657fc4,600,36,636
4fa31981-3e02-48cf-94fe-bf27a827d458,d1747387-f31d-48d2-822b-699d6eb93a2b,2016-09-14T08:14:00,7f790ed7-0fc4-4de2-a1b0-cce72e657fc4,600,36,636
4fb94984-4101-408a-b82d-a472edd24917,d1747387-f31d-48d2-822b-699d6eb93a2b,2016-09-15T07:28:00,7f790ed7-0fc4-4de2-a1b0-cce72e657fc4,500,30,530
4fc7c6f8-5cc1-4ef4-8caa-7f553f274810,57e67f54-8b7b-46a4-9f46-4e8eec5c850f,2016-09-20T13:03:00,7f790ed7-0fc4-4de2-a1b0-cce72e657fc4,0,0,0
509290ef-0a66-4b3e-88bb-898e891de5fb,3dd5e6a2-b23b-4ee5-b866-34d2e0a1cd88,2016-09-12T08:04:00,7f790ed7-0fc4-4de2-a1b0-cce72e657fc4,400,24,424
50e08a2c-25bc-493d-894c-ded7348088cf,197ce683-0876-41d9-b9b1-c95541abcff9,2016-09-09T08:37:00,7f790ed7-0fc4-4de2-a1b0-cce72e657fc4,400,24,424
5165a76a-494a-404d-8b04-fdd2be3dd4ac,7ddb6348-6ba6-4304-87da-af57df7e7142,2016-09-16T07:54:00,7f790ed7-0fc4-4de2-a1b0-cce72e657fc4,600,36,636
51c887f2-e023-4c8d-ae53-45dd8909b5dd,c2880288-0982-493a-b7b5-17646d453dff,2016-09-05T13:57:00,7f790ed7-0fc4-4de2-a1b0-cce72e657fc4,400,24,424
523046c7-3d47-410b-83fa-ca55697c74f8,aadf86e7-5ffa-459c-b0c6-39c2f2dcc137,2016-09-13T12:00:00,7f790ed7-0fc4-4de2-a1b0-cce72e657fc4,0,0,0
525ceb17-ac54-4205-84b4-22f0f0f086c7,850a8d12-72ae-40a5-a31b-f36a4477b4b0,2016-09-01T08:20:00,7f790ed7-0fc4-4de2-a1b0-cce72e657fc4,500,30,530
52901d66-baef-4c0a-8b0a-408d883575e2,c0989acc-466e-4107-9990-879c0a599f7f,2016-09-01T14:15:00,7f790ed7-0fc4-4de2-a1b0-cce72e657fc4,1300,78,1378
529693b6-75a0-458b-ae4e-7d7f1283be30,30169b50-82a4-4785-bafd-3ea0a7813812,2016-09-02T13:59:00,7f790ed7-0fc4-4de2-a1b0-cce72e657fc4,1600,96,1696
5385ad72-0717-4aeb-a988-96d3f77039e1,c93c6590-67d9-4158-aa3c-56b31e7fa654,2016-09-09T07:59:00,7f790ed7-0fc4-4de2-a1b0-cce72e657fc4,600,36,636
538f775a-aa7a-4188-beb3-5cfc943b5db5,e3afd136-901c-4557-ad38-9721b1da3d6d,2016-09-13T09:22:00,7f790ed7-0fc4-4de2-a1b0-cce72e657fc4,400,24,424
54206855-a20d-4006-9cd7-48868a76bc75,ac22e00c-bce7-4bcb-b15c-bd247a90d81f,2016-09-20T07:40:00,7f790ed7-0fc4-4de2-a1b0-cce72e657fc4,600,36,636
542ed7aa-c2e7-4a44-91b8-f5b1ac832e08,df480bfd-ab00-4510-a9aa-7c221ebbd89b,2016-09-06T12:51:00,7f790ed7-0fc4-4de2-a1b0-cce72e657fc4,3100,186,3286
543b5719-d475-4c99-a53a-b77b9db6e4a5,9f0be1ee-2d27-495e-b63e-6ef23b4f8f40,2016-09-16T07:48:00,7f790ed7-0fc4-4de2-a1b0-cce72e657fc4,600,36,636
545a020b-320a-4ecd-b539-1bf87dbe1656,053a890c-690a-4e3c-8e32-e5fc28b63d61,2016-09-17T09:09:00,7f790ed7-0fc4-4de2-a1b0-cce72e657fc4,1700,102,1802
54935c50-7975-422d-be60-db78d5dbc3a1,b16ff5a4-7808-4246-9b12-b0e4b37be33d,2016-09-03T09:34:00,7f790ed7-0fc4-4de2-a1b0-cce72e657fc4,1400,84,1484
54b280c4-f733-45d1-9d1e-2dd0fc71fb7b,e522c479-a277-4f1f-a522-07b64aeb54a7,2016-09-04T13:53:00,7f790ed7-0fc4-4de2-a1b0-cce72e657fc4,1200,72,1272
54c37dae-a3e9-414a-86c7-bd7202acb171,3dd5e6a2-b23b-4ee5-b866-34d2e0a1cd88,2016-09-20T09:01:00,7f790ed7-0fc4-4de2-a1b0-cce72e657fc4,600,36,636
551d936b-ed92-4481-907e-eaa0511928e0,bcfca76e-53b3-4d76-8706-1e010a91cafc,2016-09-15T13:33:00,7f790ed7-0fc4-4de2-a1b0-cce72e657fc4,500,30,530
556d567e-7572-4945-82d9-10c75cd30987,aadf86e7-5ffa-459c-b0c6-39c2f2dcc137,2016-09-22T07:00:00,7f790ed7-0fc4-4de2-a1b0-cce72e657fc4,4000,240,4240
556f5f21-8f03-4fc4-a6e9-4233aede0392,76d5dbd2-cdf5-44f9-8cd3-7f23192b5af8,2016-09-18T13:52:00,7f790ed7-0fc4-4de2-a1b0-cce72e657fc4,2600,156,2756
559686d4-a56c-4fa5-a663-e7f8fc178f6c,545b7872-c4e0-4687-8b2f-1d13c03ca2ab,2016-09-08T07:33:00,7f790ed7-0fc4-4de2-a1b0-cce72e657fc4,400,24,424
55cc2c6e-7a7b-4670-9f9e-2788210737fe,99f1a605-b7a8-445f-ba72-52d309e7078d,2016-09-08T12:41:00,7f790ed7-0fc4-4de2-a1b0-cce72e657fc4,3000,179,3180
56e69826-b55b-4cd1-b418-69717a88e101,4d527a26-b379-4f9c-89fa-22b86436e52a,2016-09-02T13:05:00,7f790ed7-0fc4-4de2-a1b0-cce72e657fc4,500,30,530
57124c61-b5eb-421f-86b2-2bab5ea56a65,4a9e92bc-8469-40b1-b4d6-def136563a54,2016-09-01T12:58:00,7f790ed7-0fc4-4de2-a1b0-cce72e657fc4,400,24,424
5724d46d-b76e-447c-9d33-c16dde1ad4c0,a1d0024c-8d49-47f7-99b3-14c942239ebf,2016-09-11T13:35:00,7f790ed7-0fc4-4de2-a1b0-cce72e657fc4,2300,138,2438
576098f6-2c55-451f-9873-f8bc2434a544,d6ee9efb-4314-4e20-9212-34d68f70fffb,2016-09-18T10:36:00,7f790ed7-0fc4-4de2-a1b0-cce72e657fc4,1800,108,1907
57848009-19c9-4c1c-89f8-ba3d6987a36d,5498fa51-5a08-411e-a034-3148ad7c5716,2016-09-02T18:41:00,7f790ed7-0fc4-4de2-a1b0-cce72e657fc4,700,42,742
57a3ef2e-a90b-4a92-b4ba-21acca7229be,ab7dbeec-fce2-4391-ae75-05274a0e7e75,2016-09-20T14:26:00,7f790ed7-0fc4-4de2-a1b0-cce72e657fc4,600,36,636
57b862a2-7389-4e35-94b2-8020dccb1aac,312da57f-7410-41f0-b429-91b48047edc3,2016-09-17T13:39:00,7f790ed7-0fc4-4de2-a1b0-cce72e657fc4,5600,336,5936
58178cf3-a4e3-48f6-8e52-980fd69eb33c,b028022d-60ff-416a-9106-f3e73dac72d2,2016-09-17T08:34:00,7f790ed7-0fc4-4de2-a1b0-cce72e657fc4,600,36,636
5856afb7-1923-4fa9-9029-170af33a3b4e,8b7f9b7f-90b6-4887-88f8-0e198a9b007d,2016-09-08T08:13:00,7f790ed7-0fc4-4de2-a1b0-cce72e657fc4,600,36,636
58cd6c26-6d90-437f-a40f-04dc229cf94e,6f268812-0b7b-43a3-b56e-39aaf71a5dba,2016-09-20T13:28:00,7f790ed7-0fc4-4de2-a1b0-cce72e657fc4,400,24,424
595d725e-b2d3-4490-82df-be3217856575,4a9e92bc-8469-40b1-b4d6-def136563a54,2016-09-05T10:18:00,7f790ed7-0fc4-4de2-a1b0-cce72e657fc4,1700,102,1802
599d95a4-c19f-44cd-ae4c-03b20d8b1cf4,e9e2d5e2-3f7f-41e7-87c9-4d91d2369faf,2016-09-15T10:39:00,7f790ed7-0fc4-4de2-a1b0-cce72e657fc4,2200,131,2332
5a6ce128-92f4-4072-9434-0bbb63a74dde,dbafe507-fda2-48b3-ac00-a14c080210a2,2016-09-16T08:17:00,7f790ed7-0fc4-4de2-a1b0-cce72e657fc4,600,36,636
5a7b0093-31c0-452f-83b8-8bd4ec4fa4e6,6fb49b2f-4596-4be6-add0-f39f914cbd7f,2016-09-02T08:23:00,7f790ed7-0fc4-4de2-a1b0-cce72e657fc4,600,36,636
5ac7baa3-99f9-40ca-b5b0-1663e54117d9,9f0be1ee-2d27-495e-b63e-6ef23b4f8f40,2016-09-14T07:53:00,7f790ed7-0fc4-4de2-a1b0-cce72e657fc4,400,24,424
5b0e7479-69e1-4b6d-9fd2-764b80aed0c7,c074e00d-755a-4ee3-9efb-9d6786b9517e,2016-09-22T07:33:00,7f790ed7-0fc4-4de2-a1b0-cce72e657fc4,700,42,742
5b1465c0-aeb6-4159-b846-3964ec182164,7ddb6348-6ba6-4304-87da-af57df7e7142,2016-09-15T07:54:00,7f790ed7-0fc4-4de2-a1b0-cce72e657fc4,400,24,424
5b2757a7-dc68-4490-adf6-a150f534fb3f,4cd349ff-2024-402e-873f-ae58b4d09deb,2016-09-06T10:59:00,7f790ed7-0fc4-4de2-a1b0-cce72e657fc4,800,48,848
5bdc6700-23a7-4af4-92f0-52770b33fa30,ee77f7ea-85a5-4ebc-8211-362592fb73d9,2016-09-20T07:47:00,7f790ed7-0fc4-4de2-a1b0-cce72e657fc4,600,36,636
5bfa0bea-e9d5-4fd3-ad4d-499bc9ffb51e,906c6b58-de58-429c-a0d3-93e8d1f52ed7,2016-09-16T08:04:00,7f790ed7-0fc4-4de2-a1b0-cce72e657fc4,500,30,530
5c04fc8f-5dbe-4d24-8adc-a46c6ab1732a,61cbd24c-afa5-48ce-909f-0e26fc659a2b,2016-09-22T13:41:00,7f790ed7-0fc4-4de2-a1b0-cce72e657fc4,1800,108,1907
5c74ec74-5941-484b-b3cc-66b78af383dd,e3afd136-901c-4557-ad38-9721b1da3d6d,2016-09-08T08:42:00,7f790ed7-0fc4-4de2-a1b0-cce72e657fc4,500,30,530
5c975ad5-3764-4923-a820-f2de184645e2,3e48b610-9d7b-4517-95ac-a681038a2855,2016-09-05T09:41:00,7f790ed7-0fc4-4de2-a1b0-cce72e657fc4,1200,72,1272
5ca5eecd-3e5f-4795-b4e8-bf96c83f0793,89e063d4-d84b-436d-a7ae-826f80d9d013,2016-09-07T16:13:00,7f790ed7-0fc4-4de2-a1b0-cce72e657fc4,2500,150,2650
5cdcfa45-3a2b-4fb8-a9bb-2fdcfb4c6619,ca15efb7-c4fa-42f4-8445-ab1d8c7193cd,2016-09-06T07:47:00,7f790ed7-0fc4-4de2-a1b0-cce72e657fc4,600,36,636
5cdf8700-8d1a-40bc-869a-f2bd1a5a4ea4,c0822f00-24dd-4196-95f9-6192ea457af3,2016-09-12T09:56:00,7f790ed7-0fc4-4de2-a1b0-cce72e657fc4,600,36,636
5e0179b5-3a8e-49ee-8759-ce9e4f0fccfa,2dc6f7be-df65-457f-b47f-f858ff7d59ba,2016-09-04T12:39:00,7f790ed7-0fc4-4de2-a1b0-cce72e657fc4,3000,179,3180
5e26ee60-5715-4cd7-815b-263b68ed30e4,94be223f-41c2-49be-a0dc-e08757a83cd0,2016-09-11T13:24:00,7f790ed7-0fc4-4de2-a1b0-cce72e657fc4,1500,89,1590
5eb9a134-c075-4016-99db-b88ba8fcef18,1d50c253-2f19-4217-8a39-63a9285e8d81,2016-09-05T12:57:00,7f790ed7-0fc4-4de2-a1b0-cce72e657fc4,2100,126,2226
5fcb9cbe-048b-4b42-960f-c027d55618c7,2bdd6e84-57ff-4ebb-b409-ea2727d69d90,2016-09-12T11:58:00,7f790ed7-0fc4-4de2-a1b0-cce72e657fc4,3300,198,3497
5fe7efdf-7c24-42e8-bc62-0abc6ec85d39,ca15efb7-c4fa-42f4-8445-ab1d8c7193cd,2016-09-09T07:53:00,7f790ed7-0fc4-4de2-a1b0-cce72e657fc4,600,36,636
601fbc98-5eb6-4bcd-b5c9-a87789bdd0df,7fcfca53-3da9-4612-8a28-73c497d094a6,2016-09-12T12:24:00,7f790ed7-0fc4-4de2-a1b0-cce72e657fc4,3900,234,4134
603b895a-0bd7-4756-94b4-7b017b0aeba1,9bb9e572-d84b-4150-9ae3-6c40a9db726e,2016-09-02T11:33:00,7f790ed7-0fc4-4de2-a1b0-cce72e657fc4,4200,252,4452
60439279-0825-4266-9522-dda74b7fa801,d6ee9efb-4314-4e20-9212-34d68f70fffb,2016-09-06T12:56:00,7f790ed7-0fc4-4de2-a1b0-cce72e657fc4,1400,84,1484
60501fad-248a-4abe-8fb5-1f5cf8676ca7,30169b50-82a4-4785-bafd-3ea0a7813812,2016-09-07T12:45:00,7f790ed7-0fc4-4de2-a1b0-cce72e657fc4,1500,89,1590
605fcf11-81f4-4dfb-a683-cc387037b84f,6d40ab23-e87a-415a-8bb6-ad0748a3142e,2016-09-06T16:02:00,7f790ed7-0fc4-4de2-a1b0-cce72e657fc4,700,42,742
6091cb9c-b926-47ed-9ea4-efb1ce95eb46,30169b50-82a4-4785-bafd-3ea0a7813812,2016-09-19T12:11:00,7f790ed7-0fc4-4de2-a1b0-cce72e657fc4,500,30,530
61015d8b-ec6a-4a17-913a-fde8748b0a15,8715bdb5-b31c-48eb-b7d9-b5dcd38a1de6,2016-09-20T07:49:00,7f790ed7-0fc4-4de2-a1b0-cce72e657fc4,700,42,742
6163555d-1c7a-46ef-b2c2-f354932dfe48,db0d9043-952a-495e-8608-815fdef24bb9,2016-09-08T08:18:00,7f790ed7-0fc4-4de2-a1b0-cce72e657fc4,700,42,742
61a30b79-88dd-493f-8487-b99f5a5ce93e,b57e8de6-9ffe-4318-8d96-ed66f6f29452,2016-09-05T08:01:00,7f790ed7-0fc4-4de2-a1b0-cce72e657fc4,500,30,530
623d8bdf-99ba-4d9b-ac1e-747ebe90082c,dd3b89f6-3929-46fc-91cb-d62cee594688,2016-09-06T08:03:00,7f790ed7-0fc4-4de2-a1b0-cce72e657fc4,600,36,636
62633732-ed5f-4ee7-bcff-0c98e6485922,c0989acc-466e-4107-9990-879c0a599f7f,2016-09-19T07:41:00,7f790ed7-0fc4-4de2-a1b0-cce72e657fc4,2500,150,2650
637165ad-f030-40ca-b881-41f97dbd08be,c9c36c88-ddcd-455e-9513-346a0ef806ce,2016-09-15T07:21:00,7f790ed7-0fc4-4de2-a1b0-cce72e657fc4,600,36,636
63a4b9b1-a87e-4d03-be8c-5fa3f0948a6f,13735417-429d-44da-a3ca-31d912820071,2016-09-04T12:19:00,7f790ed7-0fc4-4de2-a1b0-cce72e657fc4,2800,168,2968
63b78555-05d9-4317-b1e9-0c59c82d003a,2bdd6e84-57ff-4ebb-b409-ea2727d69d90,2016-09-06T12:28:00,7f790ed7-0fc4-4de2-a1b0-cce72e657fc4,500,30,530
63e5b7c8-3b2e-4c10-ae00-f86cab6901c0,6fb49b2f-4596-4be6-add0-f39f914cbd7f,2016-09-15T07:25:00,7f790ed7-0fc4-4de2-a1b0-cce72e657fc4,600,36,636
63f81999-dd48-44c8-96db-5fb6b0a1bdc8,d1747387-f31d-48d2-822b-699d6eb93a2b,2016-09-06T08:06:00,7f790ed7-0fc4-4de2-a1b0-cce72e657fc4,700,42,742
64369e9a-1b68-481e-b101-2642cd6d6cd4,eb99027a-ca0c-4014-b2fb-8a43c1d57039,2016-09-14T14:28:00,7f790ed7-0fc4-4de2-a1b0-cce72e657fc4,1200,72,1272
64e9236d-56e3-49e6-9180-9ec24276c6a0,ed7cc815-292d-4c63-83f5-1716f0d3a864,2016-09-11T12:54:00,7f790ed7-0fc4-4de2-a1b0-cce72e657fc4,7000,420,7420
65780238-ab2f-47dd-9a5a-1add64bdd4a1,30169b50-82a4-4785-bafd-3ea0a7813812,2016-09-14T14:42:00,7f790ed7-0fc4-4de2-a1b0-cce72e657fc4,1800,108,1907
65d90538-b432-46ad-9d8a-d9adab41a842,94be223f-41c2-49be-a0dc-e08757a83cd0,2016-09-16T10:05:00,7f790ed7-0fc4-4de2-a1b0-cce72e657fc4,2200,131,2332
66b5355a-2570-43c0-918a-9b70542abfe4,197ce683-0876-41d9-b9b1-c95541abcff9,2016-09-02T08:22:00,7f790ed7-0fc4-4de2-a1b0-cce72e657fc4,500,30,530
66e28fb8-41aa-41ae-b998-697bc5a7c384,ca15efb7-c4fa-42f4-8445-ab1d8c7193cd,2016-09-05T08:17:00,7f790ed7-0fc4-4de2-a1b0-cce72e657fc4,600,36,636
67193c33-0686-477f-ac8e-33e573306e84,2bdd6e84-57ff-4ebb-b409-ea2727d69d90,2016-09-19T11:52:00,7f790ed7-0fc4-4de2-a1b0-cce72e657fc4,0,0,0
671bf5b1-0ec4-40f0-90ce-3f8068062e57,bcfca76e-53b3-4d76-8706-1e010a91cafc,2016-09-16T12:10:00,7f790ed7-0fc4-4de2-a1b0-cce72e657fc4,500,30,530
68a8b574-95d5-4f2d-b26e-923c040d45f3,b9471d47-5b63-4ed7-aeb2-2dd3e2ed1773,2016-09-17T12:03:00,7f790ed7-0fc4-4de2-a1b0-cce72e657fc4,8700,522,9222
68c821a4-c8bd-47df-a54b-16361fa1a8b5,850a8d12-72ae-40a5-a31b-f36a4477b4b0,2016-09-16T08:14:00,7f790ed7-0fc4-4de2-a1b0-cce72e657fc4,700,42,742
68caea49-7851-4f83-872e-e5c156fcaf68,c074e00d-755a-4ee3-9efb-9d6786b9517e,2016-09-08T08:21:00,7f790ed7-0fc4-4de2-a1b0-cce72e657fc4,600,36,636
696f2cb4-ef44-481f-b46a-11853c435c0a,dd7021b7-00fa-43cb-a061-6f601d08380d,2016-09-20T08:38:00,7f790ed7-0fc4-4de2-a1b0-cce72e657fc4,600,36,636
6975ab2d-6f82-4799-b68d-b2cdfdd877d9,6f268812-0b7b-43a3-b56e-39aaf71a5dba,2016-09-18T12:19:00,7f790ed7-0fc4-4de2-a1b0-cce72e657fc4,2600,156,2756
69868029-c91e-4b99-ad61-f76aadc32ca2,7cedcb3d-a9d5-455c-834e-cea7b2ec2d7a,2016-09-21T16:07:00,7f790ed7-0fc4-4de2-a1b0-cce72e657fc4,1700,102,1802
6991d931-3312-438a-b962-ddfc20b26016,c0822f00-24dd-4196-95f9-6192ea457af3,2016-09-18T11:07:00,7f790ed7-0fc4-4de2-a1b0-cce72e657fc4,1200,72,1272
69c14126-a53e-4d95-bb5d-a1f0771c5866,dd3b89f6-3929-46fc-91cb-d62cee594688,2016-09-16T07:14:00,7f790ed7-0fc4-4de2-a1b0-cce72e657fc4,400,24,424
6a373cab-6fb6-4d90-8a7f-639d20a0008c,dd7021b7-00fa-43cb-a061-6f601d08380d,2016-09-02T07:58:00,7f790ed7-0fc4-4de2-a1b0-cce72e657fc4,600,36,636
6a97910d-9b46-4e73-bab6-a1432c9e5771,6a0a2dbe-bc63-4254-8f1b-b07e54cfe560,2016-09-04T12:19:00,7f790ed7-0fc4-4de2-a1b0-cce72e657fc4,1800,108,1907
6b888318-2546-4cf8-bc40-f9cc10e17327,906c6b58-de58-429c-a0d3-93e8d1f52ed7,2016-09-20T07:58:00,7f790ed7-0fc4-4de2-a1b0-cce72e657fc4,400,24,424
6b91a3b6-e1d8-4d05-8d37-1e2fd9b507ff,dd3b89f6-3929-46fc-91cb-d62cee594688,2016-09-07T08:16:00,7f790ed7-0fc4-4de2-a1b0-cce72e657fc4,600,36,636
6c15ab4f-e98c-488f-a5c7-bfc771ae4091,db0d9043-952a-495e-8608-815fdef24bb9,2016-09-12T08:17:00,7f790ed7-0fc4-4de2-a1b0-cce72e657fc4,600,36,636
6c4b275a-a135-4ca5-9e41-157020c9b23b,d7093e25-a54d-4730-8fcf-0258e220b078,2016-09-19T18:11:00,7f790ed7-0fc4-4de2-a1b0-cce72e657fc4,1200,72,1272
6c7b7138-8fe7-4aff-8bc3-46f3d70ba2b5,49c914fa-08b8-4ea1-b938-6cb861ed3e70,2016-09-07T08:48:00,7f790ed7-0fc4-4de2-a1b0-cce72e657fc4,0,0,0
6cb55532-5a6e-4105-99bd-a03f4cf18b9f,94be223f-41c2-49be-a0dc-e08757a83cd0,2016-09-08T13:38:00,7f790ed7-0fc4-4de2-a1b0-cce72e657fc4,3200,192,3392
6cc07f6d-dcaf-449c-8de2-13bbb3dd82aa,0551e79c-9e23-4566-8ae7-f3f82d3108f1,2016-09-04T13:28:00,7f790ed7-0fc4-4de2-a1b0-cce72e657fc4,3400,204,3604
6ce7338f-20b5-4c6d-b9d4-e9bd0e702e73,6d40ab23-e87a-415a-8bb6-ad0748a3142e,2016-09-16T19:02:00,7f790ed7-0fc4-4de2-a1b0-cce72e657fc4,600,36,636
6e13e46c-d121-4b99-80c3-c0184e29aa6f,ed0eaab6-7120-4997-a4cd-a2e3f2175075,2016-09-01T16:19:00,7f790ed7-0fc4-4de2-a1b0-cce72e657fc4,1700,102,1802
6e72547e-dbc7-4011-a647-8eec46c6a76d,6fb49b2f-4596-4be6-add0-f39f914cbd7f,2016-09-22T08:30:00,7f790ed7-0fc4-4de2-a1b0-cce72e657fc4,500,30,530
6ea80f28-f708-461b-b837-31f66e306a81,b16ff5a4-7808-4246-9b12-b0e4b37be33d,2016-09-02T08:39:00,7f790ed7-0fc4-4de2-a1b0-cce72e657fc4,1000,60,1060
6ed47b42-0154-4e11-904f-81cb23ed22c7,fd560bc8-60b7-4dbf-93e1-6eba6934f599,2016-09-19T08:03:00,7f790ed7-0fc4-4de2-a1b0-cce72e657fc4,600,36,636
6f3b7cba-f96b-43bb-bd7c-3d6066684c93,3062db39-de89-445f-b2d6-286f18889e03,2016-09-03T13:59:00,7f790ed7-0fc4-4de2-a1b0-cce72e657fc4,6700,401,7102
6f5037d7-87e6-4bf2-8f53-afdb1175c1ff,a40cca2b-cb31-42ad-8158-39b67128d0e4,2016-09-15T07:54:00,7f790ed7-0fc4-4de2-a1b0-cce72e657fc4,400,24,424
70b287cf-2122-49dd-8ce4-b970166e62ce,6d40ab23-e87a-415a-8bb6-ad0748a3142e,2016-09-15T11:38:00,7f790ed7-0fc4-4de2-a1b0-cce72e657fc4,1700,102,1802
7105bfd1-3209-4c40-9b95-264e67e80b7f,478cbaf5-21f9-444a-b6ee-145c902181b7,2016-09-07T08:23:00,7f790ed7-0fc4-4de2-a1b0-cce72e657fc4,600,36,636
71b2621a-7342-49fb-8b64-07e6f28038b3,4cd349ff-2024-402e-873f-ae58b4d09deb,2016-09-21T10:43:00,7f790ed7-0fc4-4de2-a1b0-cce72e657fc4,1700,102,1802
71bc7274-40d7-4149-9d88-b9ff49aacb5f,b0d4d79d-25cc-4383-88ed-1fc342166ccf,2016-09-19T07:00:00,7f790ed7-0fc4-4de2-a1b0-cce72e657fc4,500,30,530
71eb93f7-0a9f-439e-92bf-20255d5981d7,ca15efb7-c4fa-42f4-8445-ab1d8c7193cd,2016-09-22T08:05:00,7f790ed7-0fc4-4de2-a1b0-cce72e657fc4,500,30,530
72779b6c-177d-44e8-acc8-f0795b8c66c0,7f9a1712-15e6-47b1-876a-2b4131040544,2016-09-08T10:58:00,7f790ed7-0fc4-4de2-a1b0-cce72e657fc4,600,36,636
730656af-0002-4c5b-a462-38ff031b194f,a050572b-cd8e-4453-a550-b66b82677239,2016-09-18T13:32:00,7f790ed7-0fc4-4de2-a1b0-cce72e657fc4,1500,89,1590
7307545e-4323-47c1-8dce-0a4c376e4966,ed0eaab6-7120-4997-a4cd-a2e3f2175075,2016-09-20T12:44:00,7f790ed7-0fc4-4de2-a1b0-cce72e657fc4,1600,96,1696
7350d31b-aac9-4f45-9609-226b729965ae,8715bdb5-b31c-48eb-b7d9-b5dcd38a1de6,2016-09-15T08:25:00,7f790ed7-0fc4-4de2-a1b0-cce72e657fc4,400,24,424
73527759-e083-47c5-ba7e-652740572e00,7c76af9c-d5fd-460e-82d9-5a7b2a4a118b,2016-09-22T08:44:00,7f790ed7-0fc4-4de2-a1b0-cce72e657fc4,600,36,636
73adde76-a96d-4b9c-9e0f-dca1c056747b,ab7dbeec-fce2-4391-ae75-05274a0e7e75,2016-09-12T10:24:00,7f790ed7-0fc4-4de2-a1b0-cce72e657fc4,1700,102,1802
73fc2041-b6c6-40cb-bbe4-c15fc4ece3cb,545b7872-c4e0-4687-8b2f-1d13c03ca2ab,2016-09-06T07:54:00,7f790ed7-0fc4-4de2-a1b0-cce72e657fc4,500,30,530
745655ba-cc51-4837-b2df-a0d8b4ae7473,16949c9a-bdf5-492f-b15a-eeaf4776c3c4,2016-09-11T11:30:00,7f790ed7-0fc4-4de2-a1b0-cce72e657fc4,3700,221,3922
75cce3c7-d7a2-4156-9217-0a2baf052ef4,a3e448f8-9619-48cd-9461-0bd639e665b5,2016-09-19T14:24:00,7f790ed7-0fc4-4de2-a1b0-cce72e657fc4,2200,131,2332
75cdcbb2-22c6-4d38-82ec-0b7c8bbc0453,545b7872-c4e0-4687-8b2f-1d13c03ca2ab,2016-09-12T08:25:00,7f790ed7-0fc4-4de2-a1b0-cce72e657fc4,700,42,742
75d30c8a-76b6-4144-ba04-58aa749bf916,dcfbe751-f532-4901-9574-56e490212f8d,2016-09-07T12:41:00,7f790ed7-0fc4-4de2-a1b0-cce72e657fc4,2300,138,2438
75d37df2-2024-48fa-8843-6a3292eedb59,b028022d-60ff-416a-9106-f3e73dac72d2,2016-09-22T09:13:00,7f790ed7-0fc4-4de2-a1b0-cce72e657fc4,600,36,636
7613ec00-480d-4a6b-80b9-08278952c052,c0822f00-24dd-4196-95f9-6192ea457af3,2016-09-19T14:35:00,7f790ed7-0fc4-4de2-a1b0-cce72e657fc4,600,36,636
76415323-54c8-48c5-a984-3486d1ef2e0a,850a8d12-72ae-40a5-a31b-f36a4477b4b0,2016-09-08T08:16:00,7f790ed7-0fc4-4de2-a1b0-cce72e657fc4,600,36,636
764bbbd2-4237-4f1b-a5b7-c8b19aac6fcd,fd560bc8-60b7-4dbf-93e1-6eba6934f599,2016-09-22T07:54:00,7f790ed7-0fc4-4de2-a1b0-cce72e657fc4,600,36,636
7652e74e-33e8-45b5-850a-80aa0c20b396,57e67f54-8b7b-46a4-9f46-4e8eec5c850f,2016-09-18T13:31:00,7f790ed7-0fc4-4de2-a1b0-cce72e657fc4,1200,72,1272
76550602-1b4a-4fc3-9f86-5dfb2dc3795e,b6c0c75f-69af-404b-811d-d329f41aac59,2016-09-06T10:59:00,7f790ed7-0fc4-4de2-a1b0-cce72e657fc4,1300,78,1378
767b4a35-55f1-4b24-a9f7-38c8064be5be,7cd5e7f3-39c8-48ce-950a-1b70449e7829,2016-09-02T12:34:00,7f790ed7-0fc4-4de2-a1b0-cce72e657fc4,700,42,742
771677c2-7d89-4d0d-a631-96d112928105,a40cca2b-cb31-42ad-8158-39b67128d0e4,2016-09-01T07:50:00,7f790ed7-0fc4-4de2-a1b0-cce72e657fc4,500,30,530
77367718-350f-48a8-83f4-34cb341b6978,545b7872-c4e0-4687-8b2f-1d13c03ca2ab,2016-09-19T08:16:00,7f790ed7-0fc4-4de2-a1b0-cce72e657fc4,700,42,742
7739a326-6b84-4207-8f1a-91038a79d400,8715bdb5-b31c-48eb-b7d9-b5dcd38a1de6,2016-09-13T08:20:00,7f790ed7-0fc4-4de2-a1b0-cce72e657fc4,400,24,424
77a2d8d0-61b4-4c1d-bd91-be67fccded76,b0d4d79d-25cc-4383-88ed-1fc342166ccf,2016-09-05T07:56:00,7f790ed7-0fc4-4de2-a1b0-cce72e657fc4,700,42,742
77c2f2ad-309e-43bf-aa17-aad76469c30b,b0d4d79d-25cc-4383-88ed-1fc342166ccf,2016-09-10T08:54:00,7f790ed7-0fc4-4de2-a1b0-cce72e657fc4,400,24,424
77cd3042-db33-41c4-aee3-7d7077e58a02,b0d4d79d-25cc-4383-88ed-1fc342166ccf,2016-09-15T08:58:00,7f790ed7-0fc4-4de2-a1b0-cce72e657fc4,500,30,530
781503dd-5acd-48c8-b394-93cc7fb95678,ee77f7ea-85a5-4ebc-8211-362592fb73d9,2016-09-01T08:15:00,7f790ed7-0fc4-4de2-a1b0-cce72e657fc4,700,42,742
78555696-c04b-4ea1-9346-3de87e05940c,0551e79c-9e23-4566-8ae7-f3f82d3108f1,2016-09-05T07:52:00,7f790ed7-0fc4-4de2-a1b0-cce72e657fc4,1600,96,1696
7868213e-727d-4b34-99f5-d2555679c687,907024d1-9f03-490a-a92f-686ea99c55f2,2016-09-20T16:14:00,7f790ed7-0fc4-4de2-a1b0-cce72e657fc4,2300,138,2438
7893b190-805f-4aeb-a8bd-fb7f1a64c192,b57e8de6-9ffe-4318-8d96-ed66f6f29452,2016-09-14T08:40:00,7f790ed7-0fc4-4de2-a1b0-cce72e657fc4,400,24,424
78cabcc3-08d7-48bb-b064-936bfa80fb6c,e2fdd593-6e2b-44b9-900f-4ce6059f0e7d,2016-09-02T13:54:00,7f790ed7-0fc4-4de2-a1b0-cce72e657fc4,3600,216,3815
78f1105d-7167-4475-84b1-cd0274e7f1e1,7c76af9c-d5fd-460e-82d9-5a7b2a4a118b,2016-09-19T07:35:00,7f790ed7-0fc4-4de2-a1b0-cce72e657fc4,400,24,424
790826b0-adc7-4dcd-af56-76140323b08b,197ce683-0876-41d9-b9b1-c95541abcff9,2016-09-08T08:14:00,7f790ed7-0fc4-4de2-a1b0-cce72e657fc4,400,24,424
791dc206-daf2-488b-8d02-be288b76f429,ab7dbeec-fce2-4391-ae75-05274a0e7e75,2016-09-01T12:38:00,7f790ed7-0fc4-4de2-a1b0-cce72e657fc4,900,54,953
795c8ca1-4942-4ccc-a3a7-27da0afec629,c93c6590-67d9-4158-aa3c-56b31e7fa654,2016-09-12T07:48:00,7f790ed7-0fc4-4de2-a1b0-cce72e657fc4,600,36,636
79734cb3-6dc4-48be-ac6c-ba8976b79a48,eb99027a-ca0c-4014-b2fb-8a43c1d57039,2016-09-22T10:47:00,7f790ed7-0fc4-4de2-a1b0-cce72e657fc4,1000,60,1060
79ad70d8-2f5f-4981-9b1c-9f5f58396343,e9e2d5e2-3f7f-41e7-87c9-4d91d2369faf,2016-09-06T13:10:00,7f790ed7-0fc4-4de2-a1b0-cce72e657fc4,1800,108,1907
79be4d96-271f-4860-a619-5773411ee9b8,dacf3f99-3805-4ac8-8ca0-aea33a8990cc,2016-09-06T08:33:00,7f790ed7-0fc4-4de2-a1b0-cce72e657fc4,700,42,742
7aff7b10-5668-4b60-b71f-e7f2a66b0c5f,87d23df1-c303-4c37-97f1-be864fc82e5b,2016-09-22T15:46:00,7f790ed7-0fc4-4de2-a1b0-cce72e657fc4,1700,102,1802
7b00ca3c-cb4b-47c3-b294-673323a990e3,1171575c-dd12-412e-a49f-54613cdf14ef,2016-09-09T15:48:00,7f790ed7-0fc4-4de2-a1b0-cce72e657fc4,700,42,742
7b18d6f4-ebe2-4ee5-ab6f-58847e2048d1,dd3b89f6-3929-46fc-91cb-d62cee594688,2016-09-20T07:51:00,7f790ed7-0fc4-4de2-a1b0-cce72e657fc4,700,42,742
7b2809c5-ac96-4fed-ab47-a1ccd154c24a,db0d9043-952a-495e-8608-815fdef24bb9,2016-09-21T07:54:00,7f790ed7-0fc4-4de2-a1b0-cce72e657fc4,500,30,530
7b3617cf-4c94-4c82-93d5-cab59ee21c0d,c0989acc-466e-4107-9990-879c0a599f7f,2016-09-02T09:14:00,7f790ed7-0fc4-4de2-a1b0-cce72e657fc4,3100,186,3286
7b6475aa-acff-4ea7-be8c-a5965cf0aa9c,1d50c253-2f19-4217-8a39-63a9285e8d81,2016-09-08T07:26:00,7f790ed7-0fc4-4de2-a1b0-cce72e657fc4,400,24,424
7b755b39-849b-4308-a01c-500387b9e96c,4cd349ff-2024-402e-873f-ae58b4d09deb,2016-09-15T11:29:00,7f790ed7-0fc4-4de2-a1b0-cce72e657fc4,1900,113,2014
7bed5bd9-8007-4ea9-8cf7-0cf4a080bf81,eb99027a-ca0c-4014-b2fb-8a43c1d57039,2016-09-08T10:23:00,7f790ed7-0fc4-4de2-a1b0-cce72e657fc4,1700,102,1802
7c2999b5-ac67-437e-af87-fd24292165fd,7db5dfa7-a22a-4256-a935-6d66bc0bc58b,2016-09-09T08:02:00,7f790ed7-0fc4-4de2-a1b0-cce72e657fc4,400,24,424
7c3ed741-5a1e-43d2-a443-cfaab4f18fc5,7db5dfa7-a22a-4256-a935-6d66bc0bc58b,2016-09-07T08:24:00,7f790ed7-0fc4-4de2-a1b0-cce72e657fc4,600,36,636
7c62d7d1-3433-48e6-9cf9-580023891164,ee77f7ea-85a5-4ebc-8211-362592fb73d9,2016-09-15T07:48:00,7f790ed7-0fc4-4de2-a1b0-cce72e657fc4,600,36,636
7d062952-fdb9-4587-877e-446f96217e59,3e061362-3089-4225-b440-a1e21ca9c640,2016-09-04T10:23:00,7f790ed7-0fc4-4de2-a1b0-cce72e657fc4,7100,426,7526
7d300be7-b20d-455a-97ae-cf262e604240,c074e00d-755a-4ee3-9efb-9d6786b9517e,2016-09-09T08:14:00,7f790ed7-0fc4-4de2-a1b0-cce72e657fc4,600,36,636
7db4129d-cd9d-4169-8599-c35377c7dc09,7ddb6348-6ba6-4304-87da-af57df7e7142,2016-09-13T08:19:00,7f790ed7-0fc4-4de2-a1b0-cce72e657fc4,700,42,742
7dbec26e-0326-453c-9e3f-6e12876f7e40,6d40ab23-e87a-415a-8bb6-ad0748a3142e,2016-09-09T08:42:00,7f790ed7-0fc4-4de2-a1b0-cce72e657fc4,600,36,636
7dc3ae6e-e11e-4e2b-bcb1-fb7163ad7d8b,b57e8de6-9ffe-4318-8d96-ed66f6f29452,2016-09-15T08:12:00,7f790ed7-0fc4-4de2-a1b0-cce72e657fc4,700,42,742
7deed959-55eb-41e3-b705-b340f1f154ee,aa812892-c9b9-4cca-92fd-aec44eb7a36a,2016-09-06T07:36:00,7f790ed7-0fc4-4de2-a1b0-cce72e657fc4,2300,138,2438
7e3cf62e-d58d-4eaa-b86b-76efb11f10f7,7ddb6348-6ba6-4304-87da-af57df7e7142,2016-09-09T07:00:00,7f790ed7-0fc4-4de2-a1b0-cce72e657fc4,600,36,636
7e632566-5441-4697-b516-782fdfe4f76d,14cf5ae6-46f6-4727-8b31-099c771e67e7,2016-09-01T07:56:00,7f790ed7-0fc4-4de2-a1b0-cce72e657fc4,700,42,742
7e9de14e-2aaf-4344-a14f-2e45ac71c74a,d7093e25-a54d-4730-8fcf-0258e220b078,2016-09-01T14:11:00,7f790ed7-0fc4-4de2-a1b0-cce72e657fc4,700,42,742
7ed7d1b1-ad87-45c5-b165-66f05fbf4452,9bb9e572-d84b-4150-9ae3-6c40a9db726e,2016-09-10T11:12:00,7f790ed7-0fc4-4de2-a1b0-cce72e657fc4,3400,204,3604
7f2707a3-9324-4443-8091-2e3e804d8d1f,9f0be1ee-2d27-495e-b63e-6ef23b4f8f40,2016-09-08T07:54:00,7f790ed7-0fc4-4de2-a1b0-cce72e657fc4,500,30,530
7f37bb11-7447-440e-98ab-4e55a2db67bd,c074e00d-755a-4ee3-9efb-9d6786b9517e,2016-09-05T08:21:00,7f790ed7-0fc4-4de2-a1b0-cce72e657fc4,700,42,742
7f4061b1-6e38-4a1d-a1b3-e24f3fc324a3,6a0a2dbe-bc63-4254-8f1b-b07e54cfe560,2016-09-18T10:00:00,7f790ed7-0fc4-4de2-a1b0-cce72e657fc4,2000,120,2120
7fcf5c24-404d-4d41-bef7-9dfea8825ea4,ee77f7ea-85a5-4ebc-8211-362592fb73d9,2016-09-09T07:46:00,7f790ed7-0fc4-4de2-a1b0-cce72e657fc4,600,36,636
7fde05ce-da1a-4537-8ba0-b836dff6041b,13b40b8c-ccde-403f-bd97-e6059d0b457c,2016-09-02T12:49:00,7f790ed7-0fc4-4de2-a1b0-cce72e657fc4,3900,234,4134
800f744c-6dae-44a2-9a1a-d6a063f84d56,c93c6590-67d9-4158-aa3c-56b31e7fa654,2016-09-05T08:28:00,7f790ed7-0fc4-4de2-a1b0-cce72e657fc4,700,42,742
801e6a23-f0a4-4c69-8968-717060801bc7,ac22e00c-bce7-4bcb-b15c-bd247a90d81f,2016-09-22T07:23:00,7f790ed7-0fc4-4de2-a1b0-cce72e657fc4,500,30,530
80658502-524a-4052-986c-a86822ba2ef5,13735417-429d-44da-a3ca-31d912820071,2016-09-02T12:11:00,7f790ed7-0fc4-4de2-a1b0-cce72e657fc4,1600,96,1696
811af3da-7900-4e4b-99c1-4aa5af0bbbfc,13735417-429d-44da-a3ca-31d912820071,2016-09-20T12:54:00,7f790ed7-0fc4-4de2-a1b0-cce72e657fc4,5000,300,5300
8162067f-1a9b-43d0-836e-f9c70b953856,9f1db337-fe9e-4df0-bd1b-b416b7664ed4,2016-09-20T07:56:00,7f790ed7-0fc4-4de2-a1b0-cce72e657fc4,2300,138,2438
8218e490-6d86-4706-9088-40d285f991a0,dd7021b7-00fa-43cb-a061-6f601d08380d,2016-09-05T07:22:00,7f790ed7-0fc4-4de2-a1b0-cce72e657fc4,600,36,636
82c6e11f-37cc-45ae-a84a-99c0788c3e5d,eb8a5b36-47a8-47ca-9c1b-6417cf79f4b2,2016-09-12T08:05:00,7f790ed7-0fc4-4de2-a1b0-cce72e657fc4,700,42,742
832e73f6-5996-43b8-85d9-a788bdd779bd,af2fd8aa-5acd-46a5-aae3-052f4047d18e,2016-09-22T14:23:00,7f790ed7-0fc4-4de2-a1b0-cce72e657fc4,1500,89,1590
833da5fa-8e5c-4ce6-adbd-cfe4b6d7e1f0,b16ff5a4-7808-4246-9b12-b0e4b37be33d,2016-09-09T11:23:00,7f790ed7-0fc4-4de2-a1b0-cce72e657fc4,1300,78,1378
83ad32cc-b1e4-414c-9ca3-bba6f72d86af,f05d21a9-3647-4675-8ff9-6c54ad5a1ade,2016-09-22T16:08:00,7f790ed7-0fc4-4de2-a1b0-cce72e657fc4,400,24,424
83df8483-42bc-4fae-8133-684e6d4fa7b1,7db5dfa7-a22a-4256-a935-6d66bc0bc58b,2016-09-05T08:29:00,7f790ed7-0fc4-4de2-a1b0-cce72e657fc4,500,30,530
841dbec4-b5b1-4514-9f3c-0f170f423494,4cd349ff-2024-402e-873f-ae58b4d09deb,2016-09-19T10:57:00,7f790ed7-0fc4-4de2-a1b0-cce72e657fc4,4200,252,4452
844b166c-303d-407a-b065-55a7225983e4,3d03656b-09e3-4786-a347-4f45e4218db9,2016-09-07T13:20:00,7f790ed7-0fc4-4de2-a1b0-cce72e657fc4,1600,96,1696
84fc1ef8-b2b5-4a0d-85a8-a99e105a9a8f,96c8937f-d99c-4515-acec-db24d07768f9,2016-09-15T10:04:00,7f790ed7-0fc4-4de2-a1b0-cce72e657fc4,1300,78,1378
85114d79-b456-4264-8f6e-d569ea5e1e0b,c9c36c88-ddcd-455e-9513-346a0ef806ce,2016-09-21T07:56:00,7f790ed7-0fc4-4de2-a1b0-cce72e657fc4,600,36,636
85353d8a-67c6-486f-a997-927b73113895,7c76af9c-d5fd-460e-82d9-5a7b2a4a118b,2016-09-02T09:15:00,7f790ed7-0fc4-4de2-a1b0-cce72e657fc4,600,36,636
867294d8-8f5b-4ba7-80c6-90f1c555a5e2,dcfbe751-f532-4901-9574-56e490212f8d,2016-09-14T12:49:00,7f790ed7-0fc4-4de2-a1b0-cce72e657fc4,700,42,742
8677dbde-b8b5-4992-9f91-7bc01657625e,4cd349ff-2024-402e-873f-ae58b4d09deb,2016-09-02T10:35:00,7f790ed7-0fc4-4de2-a1b0-cce72e657fc4,2400,144,2544
86d81c0c-e843-4327-9416-dc595b6f9408,dcfbe751-f532-4901-9574-56e490212f8d,2016-09-06T14:09:00,7f790ed7-0fc4-4de2-a1b0-cce72e657fc4,1800,108,1907
86f37ff5-efe9-4d57-a435-b1b55d2e47dd,3e48b610-9d7b-4517-95ac-a681038a2855,2016-09-06T14:19:00,7f790ed7-0fc4-4de2-a1b0-cce72e657fc4,400,24,424
86ffeb44-c4fa-4498-9591-3b931189e5f6,c8561416-e50b-42c5-9d99-12c614d3c1e4,2016-09-01T10:12:00,7f790ed7-0fc4-4de2-a1b0-cce72e657fc4,1200,72,1272
875f3f4a-05a9-497d-9b48-cac173f899f1,3d03656b-09e3-4786-a347-4f45e4218db9,2016-09-21T13:06:00,7f790ed7-0fc4-4de2-a1b0-cce72e657fc4,600,36,636
8799f62d-e8b0-438d-a3b1-de964abf481e,b0d4d79d-25cc-4383-88ed-1fc342166ccf,2016-09-22T08:18:00,7f790ed7-0fc4-4de2-a1b0-cce72e657fc4,400,24,424
87fd6731-6f98-45c5-a2fa-a62a585f62db,14cf5ae6-46f6-4727-8b31-099c771e67e7,2016-09-08T07:15:00,7f790ed7-0fc4-4de2-a1b0-cce72e657fc4,600,36,636
8817c662-458f-4b57-80fb-94e8788d2d01,b9b25607-9aa6-407b-a217-ca3a6ac85ee0,2016-09-09T07:33:00,7f790ed7-0fc4-4de2-a1b0-cce72e657fc4,600,36,636
8837c57f-c966-450c-9f93-537e948bdbd6,ee77f7ea-85a5-4ebc-8211-362592fb73d9,2016-09-12T07:39:00,7f790ed7-0fc4-4de2-a1b0-cce72e657fc4,700,42,742
895259f4-f8d1-4b02-b822-d0412afa043d,8b7f9b7f-90b6-4887-88f8-0e198a9b007d,2016-09-12T08:07:00,7f790ed7-0fc4-4de2-a1b0-cce72e657fc4,600,36,636
89688992-20b3-4482-bc63-ec206176f529,a40cca2b-cb31-42ad-8158-39b67128d0e4,2016-09-19T07:55:00,7f790ed7-0fc4-4de2-a1b0-cce72e657fc4,600,36,636
899cd38f-981b-48b7-9410-852d0e6aac7e,260ad0e2-e824-4b2c-bdcf-1a2ea887ebdd,2016-09-12T12:17:00,7f790ed7-0fc4-4de2-a1b0-cce72e657fc4,3500,210,3710
89b178f5-61a2-40e1-9089-9a08f1821cff,db0d9043-952a-495e-8608-815fdef24bb9,2016-09-16T07:08:00,7f790ed7-0fc4-4de2-a1b0-cce72e657fc4,600,36,636
89cb672f-6a73-4e52-960e-2d6b50213f55,b16ff5a4-7808-4246-9b12-b0e4b37be33d,2016-09-17T12:56:00,7f790ed7-0fc4-4de2-a1b0-cce72e657fc4,2500,150,2650
8a4f9cb1-460b-4dcd-a3d1-45fab025f6a1,3d03656b-09e3-4786-a347-4f45e4218db9,2016-09-08T11:43:00,7f790ed7-0fc4-4de2-a1b0-cce72e657fc4,600,36,636
8abefaef-0738-4693-a8ac-f5e3ba46a7d3,4d527a26-b379-4f9c-89fa-22b86436e52a,2016-09-08T11:06:00,7f790ed7-0fc4-4de2-a1b0-cce72e657fc4,2300,138,2438
8b2b095d-7f46-416e-9ade-99e0fc9f1530,545b7872-c4e0-4687-8b2f-1d13c03ca2ab,2016-09-21T07:22:00,7f790ed7-0fc4-4de2-a1b0-cce72e657fc4,600,36,636
8bb28f03-c358-4324-970a-6367241b92a0,7db5dfa7-a22a-4256-a935-6d66bc0bc58b,2016-09-14T07:39:00,7f790ed7-0fc4-4de2-a1b0-cce72e657fc4,400,24,424
8c287928-caef-4105-af8e-499658494074,7cd5e7f3-39c8-48ce-950a-1b70449e7829,2016-09-13T13:42:00,7f790ed7-0fc4-4de2-a1b0-cce72e657fc4,1200,72,1272
8c2e0841-c461-4a09-8da4-6933b7196554,7ddb6348-6ba6-4304-87da-af57df7e7142,2016-09-06T07:51:00,7f790ed7-0fc4-4de2-a1b0-cce72e657fc4,700,42,742
8c4e7458-52dc-4ad0-bb58-86784387a68e,13735417-429d-44da-a3ca-31d912820071,2016-09-15T13:28:00,7f790ed7-0fc4-4de2-a1b0-cce72e657fc4,600,36,636
8cd6a923-1c93-4799-91cf-a2309a4b07df,9aa562f6-e21f-440e-996e-4921fa827284,2016-09-06T07:01:00,7f790ed7-0fc4-4de2-a1b0-cce72e657fc4,1100,65,1166
8d1d1a7d-b3bc-4be4-b4af-24902fb844f0,c9c36c88-ddcd-455e-9513-346a0ef806ce,2016-09-19T07:21:00,7f790ed7-0fc4-4de2-a1b0-cce72e657fc4,700,42,742
8d49bb84-b0f4-4220-bd7f-8958430ff5f1,af2fd8aa-5acd-46a5-aae3-052f4047d18e,2016-09-21T17:10:00,7f790ed7-0fc4-4de2-a1b0-cce72e657fc4,1500,89,1590
8d5694f9-7f2a-4d74-9c39-0f9e22fed3e1,db0d9043-952a-495e-8608-815fdef24bb9,2016-09-22T08:02:00,7f790ed7-0fc4-4de2-a1b0-cce72e657fc4,400,24,424
8d6070db-6fc5-4c91-beaf-63c156a4e613,dbafe507-fda2-48b3-ac00-a14c080210a2,2016-09-12T08:12:00,7f790ed7-0fc4-4de2-a1b0-cce72e657fc4,500,30,530
8d8c896f-9c21-4333-98c8-cfcfe1050951,ec5336c1-c2be-4b19-bf92-e56b5cf4058c,2016-09-21T13:24:00,7f790ed7-0fc4-4de2-a1b0-cce72e657fc4,1200,72,1272
8da1c198-0634-45a7-be99-b47d86919597,5498fa51-5a08-411e-a034-3148ad7c5716,2016-09-01T09:27:00,7f790ed7-0fc4-4de2-a1b0-cce72e657fc4,600,36,636
8da6a22e-5277-4276-8f27-c3b6bbe5f6a6,9c1547b6-05dc-4534-a60f-c75d32b243f3,2016-09-09T13:13:00,7f790ed7-0fc4-4de2-a1b0-cce72e657fc4,700,42,742
8dce8725-ee63-45a2-ad8c-235ef51c7d33,57e67f54-8b7b-46a4-9f46-4e8eec5c850f,2016-09-21T13:02:00,7f790ed7-0fc4-4de2-a1b0-cce72e657fc4,1200,72,1272
8e071f51-2250-4005-8104-413a52f1b60b,141ef4eb-16c8-4cd2-bf56-c27041992abb,2016-09-11T12:24:00,7f790ed7-0fc4-4de2-a1b0-cce72e657fc4,6600,396,6995
8e4c5c1f-bc30-426a-8e63-93c3b7eb2d0c,85c4a5a4-0973-4654-b01f-3e92e0dd34ad,2016-09-21T18:43:00,7f790ed7-0fc4-4de2-a1b0-cce72e657fc4,1500,89,1590
8e773939-555d-4dc1-85e9-1205e6109d86,545b7872-c4e0-4687-8b2f-1d13c03ca2ab,2016-09-09T07:24:00,7f790ed7-0fc4-4de2-a1b0-cce72e657fc4,500,30,530
8eba81c3-8237-4bdf-8353-e69b205b548d,dbafe507-fda2-48b3-ac00-a14c080210a2,2016-09-15T08:11:00,7f790ed7-0fc4-4de2-a1b0-cce72e657fc4,400,24,424
8ee74769-0cde-4266-9ba9-c88ba8b980f4,dbafe507-fda2-48b3-ac00-a14c080210a2,2016-09-14T08:20:00,7f790ed7-0fc4-4de2-a1b0-cce72e657fc4,500,30,530
8efbc53f-0ac4-4519-bd3a-1138a879ddb9,3d03656b-09e3-4786-a347-4f45e4218db9,2016-09-19T14:28:00,7f790ed7-0fc4-4de2-a1b0-cce72e657fc4,2100,126,2226
8f6661d7-ee31-4672-9989-b93dde6c34a4,b57e8de6-9ffe-4318-8d96-ed66f6f29452,2016-09-13T08:06:00,7f790ed7-0fc4-4de2-a1b0-cce72e657fc4,600,36,636
8fa3397c-f944-4779-892b-85becc4306f4,7cd5e7f3-39c8-48ce-950a-1b70449e7829,2016-09-12T11:27:00,7f790ed7-0fc4-4de2-a1b0-cce72e657fc4,700,42,742
90798022-da7b-4e90-89db-5596ddc0a181,e0ba2ea8-9a1d-455b-9fe1-012fc04d4d70,2016-09-20T11:53:00,7f790ed7-0fc4-4de2-a1b0-cce72e657fc4,0,0,0
90a75df7-f78b-4694-a9c5-df28de926fef,dd3b89f6-3929-46fc-91cb-d62cee594688,2016-09-14T08:00:00,7f790ed7-0fc4-4de2-a1b0-cce72e657fc4,700,42,742
90d4622e-ecc7-4c5b-9e1a-0f885c5a7585,9f0be1ee-2d27-495e-b63e-6ef23b4f8f40,2016-09-01T07:57:00,7f790ed7-0fc4-4de2-a1b0-cce72e657fc4,400,24,424
911fb70c-3fb8-4451-9e8c-fd19e99e324b,e3afd136-901c-4557-ad38-9721b1da3d6d,2016-09-21T08:16:00,7f790ed7-0fc4-4de2-a1b0-cce72e657fc4,600,36,636
914c5de8-7ee9-4e01-aa0c-bc749c0acaf2,f854ccd7-c344-4dcb-be1f-5155b203260d,2016-09-04T11:50:00,7f790ed7-0fc4-4de2-a1b0-cce72e657fc4,3200,192,3392
91b13758-4dc7-43a0-96b6-6159036cb567,aadf86e7-5ffa-459c-b0c6-39c2f2dcc137,2016-09-19T14:46:00,7f790ed7-0fc4-4de2-a1b0-cce72e657fc4,1200,72,1272
92059542-f398-490d-a893-b5effac5a77a,053a890c-690a-4e3c-8e32-e5fc28b63d61,2016-09-03T11:14:00,7f790ed7-0fc4-4de2-a1b0-cce72e657fc4,1700,102,1802
920a5dd2-92c1-4597-9f0c-78d5627b3b11,c0989acc-466e-4107-9990-879c0a599f7f,2016-09-09T12:51:00,7f790ed7-0fc4-4de2-a1b0-cce72e657fc4,3000,179,3180
9235c7bb-c2aa-4bdf-8af9-554ebcefbae5,fd560bc8-60b7-4dbf-93e1-6eba6934f599,2016-09-12T08:14:00,7f790ed7-0fc4-4de2-a1b0-cce72e657fc4,500,30,530
9282a4ea-c11b-4b81-9dd5-585dbb79f9d5,dacf3f99-3805-4ac8-8ca0-aea33a8990cc,2016-09-05T07:43:00,7f790ed7-0fc4-4de2-a1b0-cce72e657fc4,700,42,742
9291f45b-c960-40cd-942d-37dbdd74028a,2974c094-0dc6-425f-b094-4b5976cf2690,2016-09-22T14:34:00,7f790ed7-0fc4-4de2-a1b0-cce72e657fc4,500,30,530
92fa9c23-50c0-40b1-87c2-fe271e7affd4,e9e2d5e2-3f7f-41e7-87c9-4d91d2369faf,2016-09-17T11:28:00,7f790ed7-0fc4-4de2-a1b0-cce72e657fc4,1700,102,1802
937b3685-8f21-4baa-bea0-7b760cc34d82,6d40ab23-e87a-415a-8bb6-ad0748a3142e,2016-09-21T14:30:00,7f790ed7-0fc4-4de2-a1b0-cce72e657fc4,600,36,636
937bfab6-bef7-4ddb-bfb7-9e77b311784d,b6d57095-e0a2-4811-86f2-01c596ee24fa,2016-09-12T09:42:00,7f790ed7-0fc4-4de2-a1b0-cce72e657fc4,1800,108,1907
937d1050-87cc-4b1b-9419-514079e29b36,1171575c-dd12-412e-a49f-54613cdf14ef,2016-09-22T17:52:00,7f790ed7-0fc4-4de2-a1b0-cce72e657fc4,400,24,424
93932196-07d7-4847-a72e-86f5063876c3,bcfca76e-53b3-4d76-8706-1e010a91cafc,2016-09-14T12:11:00,7f790ed7-0fc4-4de2-a1b0-cce72e657fc4,1800,108,1907
939394be-9631-4d06-8500-d07fb9e2512a,dd7021b7-00fa-43cb-a061-6f601d08380d,2016-09-22T08:04:00,7f790ed7-0fc4-4de2-a1b0-cce72e657fc4,400,24,424
944291af-3a3c-4bc0-814f-b16e9222a43d,6f268812-0b7b-43a3-b56e-39aaf71a5dba,2016-09-12T13:08:00,7f790ed7-0fc4-4de2-a1b0-cce72e657fc4,1300,78,1378
94682395-bfcf-4413-983b-ee3dd36d3c92,545b7872-c4e0-4687-8b2f-1d13c03ca2ab,2016-09-02T08:54:00,7f790ed7-0fc4-4de2-a1b0-cce72e657fc4,500,30,530
94c72ece-d794-4ac9-a9e0-f8d16a0c10ae,e9e2d5e2-3f7f-41e7-87c9-4d91d2369faf,2016-09-13T13:34:00,7f790ed7-0fc4-4de2-a1b0-cce72e657fc4,600,36,636
94d3fde1-8f22-436d-bd26-6dffe0ac2391,7ddb6348-6ba6-4304-87da-af57df7e7142,2016-09-05T07:36:00,7f790ed7-0fc4-4de2-a1b0-cce72e657fc4,700,42,742
94da06b9-870a-4de3-b731-a5dd94f078bf,3419fde1-4d7c-42aa-a7bc-6bdfe3e5fe82,2016-09-16T14:14:00,7f790ed7-0fc4-4de2-a1b0-cce72e657fc4,400,24,424
951cff09-8d91-4d60-8679-fc785ae5ae77,df480bfd-ab00-4510-a9aa-7c221ebbd89b,2016-09-15T12:48:00,7f790ed7-0fc4-4de2-a1b0-cce72e657fc4,2800,168,2968
9546887b-4de2-4893-b12c-5d0c665dbadc,4a9e92bc-8469-40b1-b4d6-def136563a54,2016-09-08T14:45:00,7f790ed7-0fc4-4de2-a1b0-cce72e657fc4,600,36,636
961e5506-5f4b-4e2a-bb60-df028c276d81,9c1547b6-05dc-4534-a60f-c75d32b243f3,2016-09-21T14:48:00,7f790ed7-0fc4-4de2-a1b0-cce72e657fc4,400,24,424
96679e58-7d2b-405f-89c4-5d8c8a9727b6,ab7dbeec-fce2-4391-ae75-05274a0e7e75,2016-09-21T09:56:00,7f790ed7-0fc4-4de2-a1b0-cce72e657fc4,1100,65,1166
9667efe8-20ea-4dc9-b07d-092283399eb5,5b178c66-06b4-4f42-be97-403c2584fb92,2016-09-08T14:46:00,7f790ed7-0fc4-4de2-a1b0-cce72e657fc4,2000,120,2120
96897771-6526-43ef-8a68-436bc07b394c,be4df9ca-4f0f-435d-9b58-907fa20b70f4,2016-09-22T14:33:00,7f790ed7-0fc4-4de2-a1b0-cce72e657fc4,1800,108,1907
96c168c0-a104-4177-b281-1db858257ac7,76d5dbd2-cdf5-44f9-8cd3-7f23192b5af8,2016-09-15T12:55:00,7f790ed7-0fc4-4de2-a1b0-cce72e657fc4,2700,162,2862
96eef7cd-7682-4205-881b-e802f6b24d51,c0822f00-24dd-4196-95f9-6192ea457af3,2016-09-02T17:53:00,7f790ed7-0fc4-4de2-a1b0-cce72e657fc4,2300,138,2438
97743913-c479-4e84-8684-be09a5ecf51d,fd560bc8-60b7-4dbf-93e1-6eba6934f599,2016-09-15T08:01:00,7f790ed7-0fc4-4de2-a1b0-cce72e657fc4,700,42,742
977bb254-6f11-438a-bf7d-ff9c694e409f,90831ddd-286f-4f2d-9c72-bfd03c07460c,2016-09-14T14:09:00,7f790ed7-0fc4-4de2-a1b0-cce72e657fc4,1300,78,1378
97db9276-7c1b-466c-8182-6225d66520ff,3d03656b-09e3-4786-a347-4f45e4218db9,2016-09-05T07:59:00,7f790ed7-0fc4-4de2-a1b0-cce72e657fc4,600,36,636
980605e1-8107-4c4e-ba7c-c11fbdb8e4ee,026f0a0c-400a-4482-a51f-c8bd57fb07df,2016-09-12T11:48:00,7f790ed7-0fc4-4de2-a1b0-cce72e657fc4,400,24,424
9855ab42-560b-49f9-8235-4cf6844054fa,13735417-429d-44da-a3ca-31d912820071,2016-09-18T11:33:00,7f790ed7-0fc4-4de2-a1b0-cce72e657fc4,4300,258,4558
98b25ec7-3bf2-4a5c-ba48-ed3c7b50df93,d1747387-f31d-48d2-822b-699d6eb93a2b,2016-09-12T08:02:00,7f790ed7-0fc4-4de2-a1b0-cce72e657fc4,500,30,530
99115785-b10a-4dcf-8d2d-5bb1b6b8177d,ee77f7ea-85a5-4ebc-8211-362592fb73d9,2016-09-13T08:20:00,7f790ed7-0fc4-4de2-a1b0-cce72e657fc4,400,24,424
99158efe-36b2-4871-a67d-c9edbebc13ec,e3afd136-901c-4557-ad38-9721b1da3d6d,2016-09-02T07:42:00,7f790ed7-0fc4-4de2-a1b0-cce72e657fc4,600,36,636
999260ed-e5cf-4313-8529-d6532f09f648,545b7872-c4e0-4687-8b2f-1d13c03ca2ab,2016-09-22T07:39:00,7f790ed7-0fc4-4de2-a1b0-cce72e657fc4,700,42,742
9a09a879-37f9-4e72-a894-da1a59fb0987,c9361648-74bb-43ed-ac53-0d44bdfe617c,2016-09-21T17:29:00,7f790ed7-0fc4-4de2-a1b0-cce72e657fc4,1800,108,1907
9a3736c2-4b2c-4da8-bdaf-bf0a3d279292,dd3b89f6-3929-46fc-91cb-d62cee594688,2016-09-19T07:38:00,7f790ed7-0fc4-4de2-a1b0-cce72e657fc4,600,36,636
9a4ae13e-10bc-4b5c-9866-5b1725e0cca6,c2880288-0982-493a-b7b5-17646d453dff,2016-09-13T11:26:00,7f790ed7-0fc4-4de2-a1b0-cce72e657fc4,2600,156,2756
9a72270a-8ab5-4e3f-bd8e-ef03a41061d2,16949c9a-bdf5-492f-b15a-eeaf4776c3c4,2016-09-10T13:52:00,7f790ed7-0fc4-4de2-a1b0-cce72e657fc4,1800,108,1907
9a7a02f6-9723-4dba-bc51-20b4cfc29824,f742fcc7-ebe1-4d30-a740-a60da005dbf0,2016-09-19T12:49:00,7f790ed7-0fc4-4de2-a1b0-cce72e657fc4,2700,162,2862
9ad22e34-cbff-44b3-b32b-05cb0610cdaa,db0d9043-952a-495e-8608-815fdef24bb9,2016-09-20T07:15:00,7f790ed7-0fc4-4de2-a1b0-cce72e657fc4,700,42,742
9ae06e3b-b2c6-4fe6-8530-8b5e966a52c4,f854ccd7-c344-4dcb-be1f-5155b203260d,2016-09-02T11:28:00,7f790ed7-0fc4-4de2-a1b0-cce72e657fc4,3900,234,4134
9b0e4d9a-75e9-47ac-aff8-6cffe8fcfd27,a1d0024c-8d49-47f7-99b3-14c942239ebf,2016-09-22T13:27:00,7f790ed7-0fc4-4de2-a1b0-cce72e657fc4,3000,179,3180
9b374609-b335-4a0b-a62e-4b2656f7034f,b028022d-60ff-416a-9106-f3e73dac72d2,2016-09-01T08:14:00,7f790ed7-0fc4-4de2-a1b0-cce72e657fc4,600,36,636
9b3acf39-58d9-4332-8fd2-40e9bb6ea582,9f0be1ee-2d27-495e-b63e-6ef23b4f8f40,2016-09-02T07:50:00,7f790ed7-0fc4-4de2-a1b0-cce72e657fc4,500,30,530
9ba70a32-0e21-4638-a682-b7a0f141cdb1,6fb49b2f-4596-4be6-add0-f39f914cbd7f,2016-09-01T07:57:00,7f790ed7-0fc4-4de2-a1b0-cce72e657fc4,700,42,742
9be286a3-cc92-4869-9181-83ef526cfec1,c93c6590-67d9-4158-aa3c-56b31e7fa654,2016-09-02T07:41:00,7f790ed7-0fc4-4de2-a1b0-cce72e657fc4,600,36,636
9c02ccb6-cd5c-47ac-96fb-428a595e8505,13b40b8c-ccde-403f-bd97-e6059d0b457c,2016-09-12T07:00:00,7f790ed7-0fc4-4de2-a1b0-cce72e657fc4,2300,138,2438
9c49b0cd-663c-47c8-a8b0-731a8c264308,906c6b58-de58-429c-a0d3-93e8d1f52ed7,2016-09-05T08:19:00,7f790ed7-0fc4-4de2-a1b0-cce72e657fc4,500,30,530
9ceaa3c6-a457-4170-b516-ef2284e11d21,545b7872-c4e0-4687-8b2f-1d13c03ca2ab,2016-09-01T07:42:00,7f790ed7-0fc4-4de2-a1b0-cce72e657fc4,400,24,424
9d30691f-9536-4f61-84e0-0f8821a1b176,850a8d12-72ae-40a5-a31b-f36a4477b4b0,2016-09-05T07:43:00,7f790ed7-0fc4-4de2-a1b0-cce72e657fc4,600,36,636
9deaee18-dc4c-49a1-8b9a-926c84d98e00,d1747387-f31d-48d2-822b-699d6eb93a2b,2016-09-19T07:24:00,7f790ed7-0fc4-4de2-a1b0-cce72e657fc4,400,24,424
9e5fb9ea-60c7-47f0-ac87-f9d16ec22ff5,50895683-b612-4b60-a177-792f7acd1284,2016-09-16T14:06:00,7f790ed7-0fc4-4de2-a1b0-cce72e657fc4,600,36,636
9ea4387f-2cce-4391-b918-fb63be2f3d33,9f1db337-fe9e-4df0-bd1b-b416b7664ed4,2016-09-14T15:38:00,7f790ed7-0fc4-4de2-a1b0-cce72e657fc4,2000,120,2120
9efa1ccf-fa0b-44a6-8416-11315ed61fe5,dacf3f99-3805-4ac8-8ca0-aea33a8990cc,2016-09-08T07:56:00,7f790ed7-0fc4-4de2-a1b0-cce72e657fc4,600,36,636
9f105b73-0710-4c08-987f-0ad2ec0d5f0e,dcfbe751-f532-4901-9574-56e490212f8d,2016-09-09T13:17:00,7f790ed7-0fc4-4de2-a1b0-cce72e657fc4,400,24,424
9f3c477f-eed8-4017-b34c-443474fc365b,a40cca2b-cb31-42ad-8158-39b67128d0e4,2016-09-14T07:40:00,7f790ed7-0fc4-4de2-a1b0-cce72e657fc4,600,36,636
9f5f1d15-d398-4557-a518-49c57ec74f7f,e0ba2ea8-9a1d-455b-9fe1-012fc04d4d70,2016-09-19T12:08:00,7f790ed7-0fc4-4de2-a1b0-cce72e657fc4,2200,131,2332
9fc8a352-0a0d-4938-9d3b-571decad3b28,c9c36c88-ddcd-455e-9513-346a0ef806ce,2016-09-08T07:22:00,7f790ed7-0fc4-4de2-a1b0-cce72e657fc4,400,24,424
a00107fd-d70e-4e7a-95be-5c51dd1a2709,dbafe507-fda2-48b3-ac00-a14c080210a2,2016-09-22T07:42:00,7f790ed7-0fc4-4de2-a1b0-cce72e657fc4,400,24,424
a022b953-c2dd-492c-9339-eb1ea66396f0,c25a2130-6ace-4d90-abd6-fc6f20e33ee6,2016-09-22T17:13:00,7f790ed7-0fc4-4de2-a1b0-cce72e657fc4,1500,89,1590
a09abccf-a3b3-4de1-8d7b-1a8d040b47d9,29a9dfd0-5ff8-4fdb-a3d5-d7a3928e5f00,2016-09-06T07:58:00,7f790ed7-0fc4-4de2-a1b0-cce72e657fc4,700,42,742
a0bfb5c6-5120-450b-be97-809e1bf6668b,850a8d12-72ae-40a5-a31b-f36a4477b4b0,2016-09-12T07:58:00,7f790ed7-0fc4-4de2-a1b0-cce72e657fc4,600,36,636
a0c94486-1bb5-47cb-adea-be154726d806,ec5336c1-c2be-4b19-bf92-e56b5cf4058c,2016-09-18T09:36:00,7f790ed7-0fc4-4de2-a1b0-cce72e657fc4,2300,138,2438
a0cb67e3-bdec-4de3-89d9-ab899fca280a,90831ddd-286f-4f2d-9c72-bfd03c07460c,2016-09-21T09:26:00,7f790ed7-0fc4-4de2-a1b0-cce72e657fc4,700,42,742
a0f61f42-cae1-4b72-94a3-25fd54b1d765,dd3b89f6-3929-46fc-91cb-d62cee594688,2016-09-13T07:57:00,7f790ed7-0fc4-4de2-a1b0-cce72e657fc4,600,36,636
a170a906-29f9-4958-8ea0-75d812c0ed5d,a1d0024c-8d49-47f7-99b3-14c942239ebf,2016-09-19T15:04:00,7f790ed7-0fc4-4de2-a1b0-cce72e657fc4,0,0,0
a1ad9022-dc0b-4f63-b27e-5c8cce768a73,ac22e00c-bce7-4bcb-b15c-bd247a90d81f,2016-09-05T08:01:00,7f790ed7-0fc4-4de2-a1b0-cce72e657fc4,600,36,636
a1caeb20-bc47-4732-ac12-1028cd5e8ce1,dacf3f99-3805-4ac8-8ca0-aea33a8990cc,2016-09-15T07:36:00,7f790ed7-0fc4-4de2-a1b0-cce72e657fc4,700,42,742
a1d066a5-cb85-4ace-9f1d-7f195f61f1bd,c93c6590-67d9-4158-aa3c-56b31e7fa654,2016-09-01T08:07:00,7f790ed7-0fc4-4de2-a1b0-cce72e657fc4,400,24,424
a1d9f083-510a-474e-bf7d-4302310a7188,eb8a5b36-47a8-47ca-9c1b-6417cf79f4b2,2016-09-02T08:01:00,7f790ed7-0fc4-4de2-a1b0-cce72e657fc4,600,36,636
a2004604-49d3-4ccf-a8da-d6715c1dd800,16949c9a-bdf5-492f-b15a-eeaf4776c3c4,2016-09-14T11:06:00,7f790ed7-0fc4-4de2-a1b0-cce72e657fc4,4300,258,4558
a2462648-0281-47ef-847c-8e1a3ed9605b,906c6b58-de58-429c-a0d3-93e8d1f52ed7,2016-09-08T08:06:00,7f790ed7-0fc4-4de2-a1b0-cce72e657fc4,700,42,742
a25cab1e-5368-475b-806e-f463f4bc3d60,d7093e25-a54d-4730-8fcf-0258e220b078,2016-09-09T12:09:00,7f790ed7-0fc4-4de2-a1b0-cce72e657fc4,1000,60,1060
a30e7d93-b446-423b-a16e-edeb3aeebf32,13735417-429d-44da-a3ca-31d912820071,2016-09-11T10:12:00,7f790ed7-0fc4-4de2-a1b0-cce72e657fc4,1700,102,1802
a3b67b21-aec1-4086-aabd-16e8cd17e688,bcfca76e-53b3-4d76-8706-1e010a91cafc,2016-09-08T10:01:00,7f790ed7-0fc4-4de2-a1b0-cce72e657fc4,1300,78,1378
a4546611-31f9-4f83-8494-f2794bdf2625,c9c36c88-ddcd-455e-9513-346a0ef806ce,2016-09-16T08:18:00,7f790ed7-0fc4-4de2-a1b0-cce72e657fc4,500,30,530
a4c49424-3dc8-4f48-b627-c4bf1d3fb7fa,6b39534a-e25f-4f89-bc8a-3aa39ce08673,2016-09-15T10:55:00,7f790ed7-0fc4-4de2-a1b0-cce72e657fc4,3700,221,3922
a4e05fef-6ff4-4cff-8165-74a5a49e1969,eb8a5b36-47a8-47ca-9c1b-6417cf79f4b2,2016-09-05T08:03:00,7f790ed7-0fc4-4de2-a1b0-cce72e657fc4,600,36,636
a557158c-a143-49e9-8dda-0a917d287dad,7c76af9c-d5fd-460e-82d9-5a7b2a4a118b,2016-09-21T07:16:00,7f790ed7-0fc4-4de2-a1b0-cce72e657fc4,400,24,424
a5c933c0-26d8-4734-9693-0d681cbf72bc,ca15efb7-c4fa-42f4-8445-ab1d8c7193cd,2016-09-12T07:31:00,7f790ed7-0fc4-4de2-a1b0-cce72e657fc4,400,24,424
a62a380e-97f9-4098-9485-faddd24f0ba3,d6ee9efb-4314-4e20-9212-34d68f70fffb,2016-09-17T12:15:00,7f790ed7-0fc4-4de2-a1b0-cce72e657fc4,0,0,0
a6b1795c-b052-440f-9ef5-db8481106347,ca15efb7-c4fa-42f4-8445-ab1d8c7193cd,2016-09-15T07:05:00,7f790ed7-0fc4-4de2-a1b0-cce72e657fc4,700,42,742
a7285621-a785-4251-8116-ff40fe73f189,b52d2130-df67-4e8a-b021-35b336e77cab,2016-09-22T12:01:00,7f790ed7-0fc4-4de2-a1b0-cce72e657fc4,2300,138,2438
a797b8db-5465-4294-84bd-e77d69de62a5,bcfca76e-53b3-4d76-8706-1e010a91cafc,2016-09-22T17:30:00,7f790ed7-0fc4-4de2-a1b0-cce72e657fc4,600,36,636
a8695329-572b-47af-9bda-9a0db7f04b7d,c2880288-0982-493a-b7b5-17646d453dff,2016-09-19T12:01:00,7f790ed7-0fc4-4de2-a1b0-cce72e657fc4,400,24,424
a8ab2f60-6116-4c3e-8070-7e596d2fabc9,dd3b89f6-3929-46fc-91cb-d62cee594688,2016-09-09T08:10:00,7f790ed7-0fc4-4de2-a1b0-cce72e657fc4,600,36,636
a9296376-345a-4c19-9357-f2634e5e4b51,6d40ab23-e87a-415a-8bb6-ad0748a3142e,2016-09-01T16:23:00,7f790ed7-0fc4-4de2-a1b0-cce72e657fc4,1800,108,1907
a929a7b8-0be9-4b66-aa62-7c282ef51478,b0d4d79d-25cc-4383-88ed-1fc342166ccf,2016-09-20T07:30:00,7f790ed7-0fc4-4de2-a1b0-cce72e657fc4,400,24,424
a9552e9a-e87d-445c-afa8-880a382a9851,7cd5e7f3-39c8-48ce-950a-1b70449e7829,2016-09-06T16:40:00,7f790ed7-0fc4-4de2-a1b0-cce72e657fc4,600,36,636
a97a740d-e333-45dc-a617-0d2f29dc1d0e,cec6d6a6-2407-495a-92fb-218b3471cf04,2016-09-02T07:22:00,7f790ed7-0fc4-4de2-a1b0-cce72e657fc4,700,42,742
a9b340d6-cd73-4f2c-8e55-62df9f06ac35,6fb49b2f-4596-4be6-add0-f39f914cbd7f,2016-09-07T08:01:00,7f790ed7-0fc4-4de2-a1b0-cce72e657fc4,600,36,636
a9c8716d-53b5-4cfe-8249-3d8a2614c035,3dd5e6a2-b23b-4ee5-b866-34d2e0a1cd88,2016-09-01T07:27:00,7f790ed7-0fc4-4de2-a1b0-cce72e657fc4,600,36,636
a9f34a71-0095-4808-af4b-18f15172b8be,ca15efb7-c4fa-42f4-8445-ab1d8c7193cd,2016-09-19T08:06:00,7f790ed7-0fc4-4de2-a1b0-cce72e657fc4,700,42,742
aa1dd326-5c16-403f-b973-30acc92b090d,1d50c253-2f19-4217-8a39-63a9285e8d81,2016-09-19T13:07:00,7f790ed7-0fc4-4de2-a1b0-cce72e657fc4,500,30,530
aac5bf3e-373d-4949-ac09-9e440a1eb4ff,7c76af9c-d5fd-460e-82d9-5a7b2a4a118b,2016-09-01T07:49:00,7f790ed7-0fc4-4de2-a1b0-cce72e657fc4,700,42,742
aaea7acc-63f0-4df5-932c-09e73b2d2afe,ac22e00c-bce7-4bcb-b15c-bd247a90d81f,2016-09-16T07:39:00,7f790ed7-0fc4-4de2-a1b0-cce72e657fc4,600,36,636
ab8524f5-c2d9-4a41-94be-f0499b4c93cc,3d03656b-09e3-4786-a347-4f45e4218db9,2016-09-09T14:44:00,7f790ed7-0fc4-4de2-a1b0-cce72e657fc4,400,24,424
ab8d5030-ef84-4f62-b8a3-93af1b668356,9f0be1ee-2d27-495e-b63e-6ef23b4f8f40,2016-09-20T07:46:00,7f790ed7-0fc4-4de2-a1b0-cce72e657fc4,600,36,636
ab9442f9-fb79-4018-866b-ff7b7db1bb02,aadf86e7-5ffa-459c-b0c6-39c2f2dcc137,2016-09-04T13:51:00,7f790ed7-0fc4-4de2-a1b0-cce72e657fc4,2400,144,2544
abeef404-5563-4c12-8c6b-d9f7393d2282,29a9dfd0-5ff8-4fdb-a3d5-d7a3928e5f00,2016-09-19T07:54:00,7f790ed7-0fc4-4de2-a1b0-cce72e657fc4,600,36,636
abfd3d3c-3c9c-45ac-9049-d020966ecab0,29a9dfd0-5ff8-4fdb-a3d5-d7a3928e5f00,2016-09-09T08:04:00,7f790ed7-0fc4-4de2-a1b0-cce72e657fc4,600,36,636
ac18e321-fcf7-4d15-ad73-e1f3bac4e77a,4d527a26-b379-4f9c-89fa-22b86436e52a,2016-09-05T10:24:00,7f790ed7-0fc4-4de2-a1b0-cce72e657fc4,3700,221,3922
ac234041-e415-44ae-83ca-870dfd4af5b7,94be223f-41c2-49be-a0dc-e08757a83cd0,2016-09-12T15:29:00,7f790ed7-0fc4-4de2-a1b0-cce72e657fc4,1100,65,1166
acbe8a4e-dc87-4c7e-82f3-d9433c1e0756,ca15efb7-c4fa-42f4-8445-ab1d8c7193cd,2016-09-16T08:29:00,7f790ed7-0fc4-4de2-a1b0-cce72e657fc4,700,42,742
acfe618c-e323-42ce-9caa-97867b6b6581,db0d9043-952a-495e-8608-815fdef24bb9,2016-09-07T08:03:00,7f790ed7-0fc4-4de2-a1b0-cce72e657fc4,500,30,530
ad4963a7-bc74-4355-9fb4-44a3906a9207,a40cca2b-cb31-42ad-8158-39b67128d0e4,2016-09-09T07:52:00,7f790ed7-0fc4-4de2-a1b0-cce72e657fc4,600,36,636
ad8e5510-f511-4f84-937b-8286248902ad,8b7f9b7f-90b6-4887-88f8-0e198a9b007d,2016-09-15T08:35:00,7f790ed7-0fc4-4de2-a1b0-cce72e657fc4,400,24,424
ada68063-6c6a-4ba7-a911-47dd5b4664bc,b028022d-60ff-416a-9106-f3e73dac72d2,2016-09-02T07:59:00,7f790ed7-0fc4-4de2-a1b0-cce72e657fc4,400,24,424
add1b793-c7d7-451c-b2c0-9864f5c842ac,b9b25607-9aa6-407b-a217-ca3a6ac85ee0,2016-09-16T07:54:00,7f790ed7-0fc4-4de2-a1b0-cce72e657fc4,700,42,742
aec939d0-8c3e-4a26-9020-0c3e27eda07f,8b7f9b7f-90b6-4887-88f8-0e198a9b007d,2016-09-20T08:03:00,7f790ed7-0fc4-4de2-a1b0-cce72e657fc4,600,36,636
af0218c7-d556-4648-89e0-2f2fc4c874f0,eb8a5b36-47a8-47ca-9c1b-6417cf79f4b2,2016-09-06T08:07:00,7f790ed7-0fc4-4de2-a1b0-cce72e657fc4,400,24,424
af038dd8-b939-49a8-8d7d-d6640162e2ec,4323ffc3-3427-4b96-89db-d2b926105e06,2016-09-14T14:00:00,7f790ed7-0fc4-4de2-a1b0-cce72e657fc4,1000,60,1060
af204935-0683-4667-bf3d-0e6ea8db0ca9,c9c36c88-ddcd-455e-9513-346a0ef806ce,2016-09-22T08:29:00,7f790ed7-0fc4-4de2-a1b0-cce72e657fc4,700,42,742
af43c60d-9afd-4982-80b1-e897454888c7,29a9dfd0-5ff8-4fdb-a3d5-d7a3928e5f00,2016-09-21T08:41:00,7f790ed7-0fc4-4de2-a1b0-cce72e657fc4,600,36,636
af47ffd9-9231-497f-b547-a1ef8fe03844,312da57f-7410-41f0-b429-91b48047edc3,2016-09-03T08:13:00,7f790ed7-0fc4-4de2-a1b0-cce72e657fc4,5400,324,5724
af62babe-7c65-460a-b4b2-7b10656c584a,6b39534a-e25f-4f89-bc8a-3aa39ce08673,2016-09-07T13:47:00,7f790ed7-0fc4-4de2-a1b0-cce72e657fc4,0,0,0
af8b3503-8ae9-4e99-af86-2a0bf1291806,5c214d79-5d83-42e6-929f-c0275f7c28fc,2016-09-10T12:57:00,7f790ed7-0fc4-4de2-a1b0-cce72e657fc4,6700,401,7102
af9dc4a5-ec6d-4855-8ed7-770b42d18a92,dd3b89f6-3929-46fc-91cb-d62cee594688,2016-09-01T07:30:00,7f790ed7-0fc4-4de2-a1b0-cce72e657fc4,500,30,530
afb9c2de-f284-4525-b402-6a31f3747653,e2fdd593-6e2b-44b9-900f-4ce6059f0e7d,2016-09-20T10:54:00,7f790ed7-0fc4-4de2-a1b0-cce72e657fc4,0,0,0
afc940fe-4181-4917-9730-c44a59fd537d,4cd349ff-2024-402e-873f-ae58b4d09deb,2016-09-09T14:39:00,7f790ed7-0fc4-4de2-a1b0-cce72e657fc4,0,0,0
b00d095f-0f4a-4d4b-946f-6eb9d4131657,850a8d12-72ae-40a5-a31b-f36a4477b4b0,2016-09-07T07:13:00,7f790ed7-0fc4-4de2-a1b0-cce72e657fc4,500,30,530
b0a5d9bb-937d-4860-a7c0-d9698d1e69f9,b0d4d79d-25cc-4383-88ed-1fc342166ccf,2016-09-13T08:51:00,7f790ed7-0fc4-4de2-a1b0-cce72e657fc4,600,36,636
b15b163d-131f-4702-bb1c-482efb504ea0,bcfca76e-53b3-4d76-8706-1e010a91cafc,2016-09-19T14:11:00,7f790ed7-0fc4-4de2-a1b0-cce72e657fc4,800,48,848
b17bd5e3-08d9-47e8-ae91-0a8f1d1e0f55,7cd5e7f3-39c8-48ce-950a-1b70449e7829,2016-09-20T13:21:00,7f790ed7-0fc4-4de2-a1b0-cce72e657fc4,600,36,636
b22241e2-5f45-468c-979b-f2c6ec783cf5,478cbaf5-21f9-444a-b6ee-145c902181b7,2016-09-08T08:51:00,7f790ed7-0fc4-4de2-a1b0-cce72e657fc4,400,24,424
b234875d-0cec-4ee1-880e-ad88d582d486,9bb9e572-d84b-4150-9ae3-6c40a9db726e,2016-09-18T09:01:00,7f790ed7-0fc4-4de2-a1b0-cce72e657fc4,3800,227,4028
b243acf9-379e-4318-84dc-3762361ada5d,fd560bc8-60b7-4dbf-93e1-6eba6934f599,2016-09-09T07:49:00,7f790ed7-0fc4-4de2-a1b0-cce72e657fc4,600,36,636
b26ffd9c-38e4-408e-bb55-862a9cffff54,ca15efb7-c4fa-42f4-8445-ab1d8c7193cd,2016-09-20T08:17:00,7f790ed7-0fc4-4de2-a1b0-cce72e657fc4,600,36,636
b2893a42-8402-47e0-a0c4-49c76dff21a7,8b7f9b7f-90b6-4887-88f8-0e198a9b007d,2016-09-02T08:15:00,7f790ed7-0fc4-4de2-a1b0-cce72e657fc4,500,30,530
b2e7693c-119d-4046-809f-c3bf431aca35,29a9dfd0-5ff8-4fdb-a3d5-d7a3928e5f00,2016-09-08T08:37:00,7f790ed7-0fc4-4de2-a1b0-cce72e657fc4,500,30,530
b35b8a68-3924-4dbb-ae7f-a95d40441bed,260ad0e2-e824-4b2c-bdcf-1a2ea887ebdd,2016-09-19T08:21:00,7f790ed7-0fc4-4de2-a1b0-cce72e657fc4,0,0,0
b391575d-91a0-44da-bed9-4abfaf99bc0b,b0d4d79d-25cc-4383-88ed-1fc342166ccf,2016-09-14T08:05:00,7f790ed7-0fc4-4de2-a1b0-cce72e657fc4,600,36,636
b41d6b02-fe3f-4748-8160-86ca18c37665,99f1a605-b7a8-445f-ba72-52d309e7078d,2016-09-01T15:27:00,7f790ed7-0fc4-4de2-a1b0-cce72e657fc4,3100,186,3286
b44f4b94-d71e-4549-b1ae-fe05f59407cb,14cf5ae6-46f6-4727-8b31-099c771e67e7,2016-09-07T08:00:00,7f790ed7-0fc4-4de2-a1b0-cce72e657fc4,400,24,424
b45ffb8b-9ed5-44ad-adc2-18d46506face,dacf3f99-3805-4ac8-8ca0-aea33a8990cc,2016-09-01T07:47:00,7f790ed7-0fc4-4de2-a1b0-cce72e657fc4,700,42,742
b4b8117a-c179-4342-a889-318fbcdfed76,ec5336c1-c2be-4b19-bf92-e56b5cf4058c,2016-09-08T14:20:00,7f790ed7-0fc4-4de2-a1b0-cce72e657fc4,4100,246,4346
b55805c8-0b41-4f8f-ad84-3157abebc2e5,7db5dfa7-a22a-4256-a935-6d66bc0bc58b,2016-09-20T08:33:00,7f790ed7-0fc4-4de2-a1b0-cce72e657fc4,400,24,424
b5d1214d-4c03-47d0-961c-799b1b610005,b6c0c75f-69af-404b-811d-d329f41aac59,2016-09-21T10:25:00,7f790ed7-0fc4-4de2-a1b0-cce72e657fc4,1100,65,1166
b5f33796-2185-49d1-b5b5-e1e25adffd99,6b39534a-e25f-4f89-bc8a-3aa39ce08673,2016-09-06T12:22:00,7f790ed7-0fc4-4de2-a1b0-cce72e657fc4,2300,138,2438
b601e671-2195-4f1b-9a01-d76914a689b9,b028022d-60ff-416a-9106-f3e73dac72d2,2016-09-20T08:01:00,7f790ed7-0fc4-4de2-a1b0-cce72e657fc4,600,36,636
b7aab71a-1c46-45d1-898d-fda29e45a62e,9f1db337-fe9e-4df0-bd1b-b416b7664ed4,2016-09-03T12:34:00,7f790ed7-0fc4-4de2-a1b0-cce72e657fc4,600,36,636
b7afc052-1d5c-4bbb-9183-aaa7c1e655c7,db0d9043-952a-495e-8608-815fdef24bb9,2016-09-06T08:04:00,7f790ed7-0fc4-4de2-a1b0-cce72e657fc4,400,24,424
b7b1b709-6dc2-4834-a877-2b484c52223c,3e48b610-9d7b-4517-95ac-a681038a2855,2016-09-22T09:42:00,7f790ed7-0fc4-4de2-a1b0-cce72e657fc4,2900,174,3074
b82804ff-29f5-480f-a426-5ccde888492e,b9b25607-9aa6-407b-a217-ca3a6ac85ee0,2016-09-14T08:13:00,7f790ed7-0fc4-4de2-a1b0-cce72e657fc4,600,36,636
b8398685-7b36-412a-a9e8-165f04c1bfef,29a9dfd0-5ff8-4fdb-a3d5-d7a3928e5f00,2016-09-12T08:16:00,7f790ed7-0fc4-4de2-a1b0-cce72e657fc4,400,24,424
b8c42c16-bd02-4694-a592-14bbfef2b841,dd3b89f6-3929-46fc-91cb-d62cee594688,2016-09-02T07:36:00,7f790ed7-0fc4-4de2-a1b0-cce72e657fc4,500,30,530
b90202e6-4f37-45ce-8cc8-3515ee9626fa,c93c6590-67d9-4158-aa3c-56b31e7fa654,2016-09-14T08:28:00,7f790ed7-0fc4-4de2-a1b0-cce72e657fc4,500,30,530
b92a6fde-eeab-4879-a468-8f552996f4b7,9c1547b6-05dc-4534-a60f-c75d32b243f3,2016-09-05T14:14:00,7f790ed7-0fc4-4de2-a1b0-cce72e657fc4,1900,113,2014
b9524efb-398d-43fc-9ddf-978d9305c267,dbafe507-fda2-48b3-ac00-a14c080210a2,2016-09-05T08:13:00,7f790ed7-0fc4-4de2-a1b0-cce72e657fc4,400,24,424
b9749bd8-4618-4886-b674-3defd8f10b52,89e063d4-d84b-436d-a7ae-826f80d9d013,2016-09-01T14:16:00,7f790ed7-0fc4-4de2-a1b0-cce72e657fc4,1900,113,2014
b9a33b2d-e5ac-48f0-9a9f-34a7f60075c8,94be223f-41c2-49be-a0dc-e08757a83cd0,2016-09-17T13:45:00,7f790ed7-0fc4-4de2-a1b0-cce72e657fc4,0,0,0
ba26a0a7-753c-4921-98bf-54ecac094179,d6ee9efb-4314-4e20-9212-34d68f70fffb,2016-09-08T12:15:00,7f790ed7-0fc4-4de2-a1b0-cce72e657fc4,0,0,0
ba848331-b8c8-490d-88e0-5e286707b83d,dcfbe751-f532-4901-9574-56e490212f8d,2016-09-21T12:40:00,7f790ed7-0fc4-4de2-a1b0-cce72e657fc4,700,42,742
ba985df0-07fa-4d0c-8ae9-97fc57674b2a,eb8a5b36-47a8-47ca-9c1b-6417cf79f4b2,2016-09-20T07:49:00,7f790ed7-0fc4-4de2-a1b0-cce72e657fc4,600,36,636
baade1c8-5071-414a-ae7f-b60a0079a30c,b028022d-60ff-416a-9106-f3e73dac72d2,2016-09-07T08:16:00,7f790ed7-0fc4-4de2-a1b0-cce72e657fc4,400,24,424
bae41f39-8a7e-45b4-ba8e-9dfe76872f70,6b39534a-e25f-4f89-bc8a-3aa39ce08673,2016-09-21T10:32:00,7f790ed7-0fc4-4de2-a1b0-cce72e657fc4,3000,179,3180
bb244a3b-09fa-4db8-882b-2cca0887f515,30169b50-82a4-4785-bafd-3ea0a7813812,2016-09-15T15:31:00,7f790ed7-0fc4-4de2-a1b0-cce72e657fc4,1700,102,1802
bb8fc147-e5e1-48ac-92fe-a66ffc9725ea,ac22e00c-bce7-4bcb-b15c-bd247a90d81f,2016-09-12T07:50:00,7f790ed7-0fc4-4de2-a1b0-cce72e657fc4,400,24,424
bbb19a61-563d-43b1-a017-749369d3daac,14cf5ae6-46f6-4727-8b31-099c771e67e7,2016-09-02T08:35:00,7f790ed7-0fc4-4de2-a1b0-cce72e657fc4,600,36,636
bbf382fb-9255-4fe4-8da3-4eeb623e846c,13735417-429d-44da-a3ca-31d912820071,2016-09-14T10:50:00,7f790ed7-0fc4-4de2-a1b0-cce72e657fc4,1600,96,1696
bc36932b-54df-4317-bedf-5cb608a5d130,c93c6590-67d9-4158-aa3c-56b31e7fa654,2016-09-19T08:04:00,7f790ed7-0fc4-4de2-a1b0-cce72e657fc4,700,42,742
bc68d98a-67c9-4a22-b43c-226b983c68c9,6fb49b2f-4596-4be6-add0-f39f914cbd7f,2016-09-12T08:08:00,7f790ed7-0fc4-4de2-a1b0-cce72e657fc4,700,42,742
bcaf01d6-33ed-40b2-802d-e9459aa185af,76d5dbd2-cdf5-44f9-8cd3-7f23192b5af8,2016-09-13T10:43:00,7f790ed7-0fc4-4de2-a1b0-cce72e657fc4,900,54,953
bcb20d92-2cd1-4b8f-859c-73e938bc4655,6fb49b2f-4596-4be6-add0-f39f914cbd7f,2016-09-09T07:18:00,7f790ed7-0fc4-4de2-a1b0-cce72e657fc4,500,30,530
bdc6ca75-a5c9-4eea-8386-353417ae5be8,e3afd136-901c-4557-ad38-9721b1da3d6d,2016-09-20T07:55:00,7f790ed7-0fc4-4de2-a1b0-cce72e657fc4,600,36,636
bdcb1d03-0e51-4c97-88db-5399d6da90e6,2bdd6e84-57ff-4ebb-b409-ea2727d69d90,2016-09-21T10:48:00,7f790ed7-0fc4-4de2-a1b0-cce72e657fc4,4200,252,4452
be054ab7-56aa-42d3-b7d7-7d300a9f2a63,d7093e25-a54d-4730-8fcf-0258e220b078,2016-09-12T17:44:00,7f790ed7-0fc4-4de2-a1b0-cce72e657fc4,1000,60,1060
be3a9831-9138-45eb-ab71-bf5c4562e5a3,6b39534a-e25f-4f89-bc8a-3aa39ce08673,2016-09-14T11:46:00,7f790ed7-0fc4-4de2-a1b0-cce72e657fc4,400,24,424
beb0bc64-ab03-4289-8ad2-9c7d5681a6e0,c074e00d-755a-4ee3-9efb-9d6786b9517e,2016-09-15T07:39:00,7f790ed7-0fc4-4de2-a1b0-cce72e657fc4,400,24,424
bedb4a10-1906-4fe6-96b4-0b71bc2ed8f5,c074e00d-755a-4ee3-9efb-9d6786b9517e,2016-09-21T08:08:00,7f790ed7-0fc4-4de2-a1b0-cce72e657fc4,600,36,636
bef21238-e411-48cf-ba35-0532a5e0d774,3062db39-de89-445f-b2d6-286f18889e03,2016-09-18T13:33:00,7f790ed7-0fc4-4de2-a1b0-cce72e657fc4,7100,426,7526
c01621fa-909d-468a-9767-f29db16476dc,478cbaf5-21f9-444a-b6ee-145c902181b7,2016-09-13T07:17:00,7f790ed7-0fc4-4de2-a1b0-cce72e657fc4,500,30,530
c0fd3a7c-440b-44e2-91c3-84b63f818b7c,d7093e25-a54d-4730-8fcf-0258e220b078,2016-09-02T13:14:00,7f790ed7-0fc4-4de2-a1b0-cce72e657fc4,400,24,424
c14e0965-de56-47c3-a4a9-4178f80fa000,b0d4d79d-25cc-4383-88ed-1fc342166ccf,2016-09-21T07:46:00,7f790ed7-0fc4-4de2-a1b0-cce72e657fc4,600,36,636
c27abec6-13ed-4533-b193-911adafe1e74,850a8d12-72ae-40a5-a31b-f36a4477b4b0,2016-09-09T08:24:00,7f790ed7-0fc4-4de2-a1b0-cce72e657fc4,600,36,636
c28a9816-c5db-42a6-a10b-7deb635d8ad2,b16ff5a4-7808-4246-9b12-b0e4b37be33d,2016-09-14T11:20:00,7f790ed7-0fc4-4de2-a1b0-cce72e657fc4,1700,102,1802
c2a9977e-2761-4ba7-b8fe-ad6cda36cfff,a1d0024c-8d49-47f7-99b3-14c942239ebf,2016-09-09T12:03:00,7f790ed7-0fc4-4de2-a1b0-cce72e657fc4,2900,174,3074
c2b752fb-0787-4aa0-8f91-ea8bc0153ed9,7c76af9c-d5fd-460e-82d9-5a7b2a4a118b,2016-09-06T07:34:00,7f790ed7-0fc4-4de2-a1b0-cce72e657fc4,400,24,424
c2b8fda6-d5bc-4527-8c58-af88156d2886,5b178c66-06b4-4f42-be97-403c2584fb92,2016-09-12T12:27:00,7f790ed7-0fc4-4de2-a1b0-cce72e657fc4,2400,144,2544
c2d44c7a-8db0-4a6b-a1ac-6792d8fe04b1,ca15efb7-c4fa-42f4-8445-ab1d8c7193cd,2016-09-01T07:23:00,7f790ed7-0fc4-4de2-a1b0-cce72e657fc4,600,36,636
c2dd4a1f-0636-41b6-98b0-c305f2e6da95,b0d4d79d-25cc-4383-88ed-1fc342166ccf,2016-09-16T08:57:00,7f790ed7-0fc4-4de2-a1b0-cce72e657fc4,600,36,636
c328ab0f-e4b6-4adb-8f2c-211094886683,b57e8de6-9ffe-4318-8d96-ed66f6f29452,2016-09-20T07:39:00,7f790ed7-0fc4-4de2-a1b0-cce72e657fc4,600,36,636
c33a4f82-208c-4f7c-b24f-07d2301889ca,b0d4d79d-25cc-4383-88ed-1fc342166ccf,2016-09-07T07:48:00,7f790ed7-0fc4-4de2-a1b0-cce72e657fc4,400,24,424
c3ef62ce-4641-4287-87f4-5bc5867a227a,d6ee9efb-4314-4e20-9212-34d68f70fffb,2016-09-22T08:40:00,7f790ed7-0fc4-4de2-a1b0-cce72e657fc4,1100,65,1166
c4045a43-ee22-4828-ad07-0b1a2e8b5a36,ba5a24af-98a0-4a81-b137-09d559da2203,2016-09-22T15:21:00,7f790ed7-0fc4-4de2-a1b0-cce72e657fc4,2000,120,2120
c42fe359-055e-4208-80d8-04b5f6ed1ea0,a40cca2b-cb31-42ad-8158-39b67128d0e4,2016-09-03T09:23:00,7f790ed7-0fc4-4de2-a1b0-cce72e657fc4,400,24,424
c457b8bb-8f49-4795-ade6-3f3d01807fbc,dd7021b7-00fa-43cb-a061-6f601d08380d,2016-09-13T07:51:00,7f790ed7-0fc4-4de2-a1b0-cce72e657fc4,700,42,742
c4a77e38-fa87-4fdf-955d-3a098cf48575,ca15efb7-c4fa-42f4-8445-ab1d8c7193cd,2016-09-21T08:03:00,7f790ed7-0fc4-4de2-a1b0-cce72e657fc4,400,24,424
c4ee33cd-9f33-4087-b126-fba1156ccf30,b57e8de6-9ffe-4318-8d96-ed66f6f29452,2016-09-06T08:20:00,7f790ed7-0fc4-4de2-a1b0-cce72e657fc4,400,24,424
c5050f06-ed3b-4ec8-a4e2-fa0adc907b2f,0551e79c-9e23-4566-8ae7-f3f82d3108f1,2016-09-02T08:24:00,7f790ed7-0fc4-4de2-a1b0-cce72e657fc4,3500,210,3710
c51fe450-7c83-44d7-ac8e-81d6b1055369,eb99027a-ca0c-4014-b2fb-8a43c1d57039,2016-09-12T18:39:00,7f790ed7-0fc4-4de2-a1b0-cce72e657fc4,1600,96,1696
c52bbf94-5d7b-4adc-b030-a5171e788e63,f854ccd7-c344-4dcb-be1f-5155b203260d,2016-09-10T11:46:00,7f790ed7-0fc4-4de2-a1b0-cce72e657fc4,600,36,636
c58ca97c-0358-41f0-93b6-4f6ad6a23ea4,b6d57095-e0a2-4811-86f2-01c596ee24fa,2016-09-10T12:32:00,7f790ed7-0fc4-4de2-a1b0-cce72e657fc4,1000,60,1060
c6d3221a-a28b-4892-87ba-5cfd8e9f9009,7f9a1712-15e6-47b1-876a-2b4131040544,2016-09-07T08:42:00,7f790ed7-0fc4-4de2-a1b0-cce72e657fc4,700,42,742
c7937bd5-e16b-49d5-85ad-41d97c8972d9,aa812892-c9b9-4cca-92fd-aec44eb7a36a,2016-09-15T18:19:00,7f790ed7-0fc4-4de2-a1b0-cce72e657fc4,600,36,636
c7f9b61f-ba14-4263-b0fb-11974d26a58e,7e4f315e-fd36-4f2e-ac66-96c98a01d069,2016-09-21T14:21:00,7f790ed7-0fc4-4de2-a1b0-cce72e657fc4,600,36,636
c8356973-f414-4132-befd-64ba9fe874bf,49c914fa-08b8-4ea1-b938-6cb861ed3e70,2016-09-06T11:40:00,7f790ed7-0fc4-4de2-a1b0-cce72e657fc4,1100,65,1166
c8b341e4-198b-4a7a-bc96-9498da7f99f3,478cbaf5-21f9-444a-b6ee-145c902181b7,2016-09-14T08:08:00,7f790ed7-0fc4-4de2-a1b0-cce72e657fc4,600,36,636
c8b357c1-9061-4771-8d1d-a05072d60562,8b7f9b7f-90b6-4887-88f8-0e198a9b007d,2016-09-21T07:05:00,7f790ed7-0fc4-4de2-a1b0-cce72e657fc4,600,36,636
c8f98573-cb6b-441e-96c7-62873d3848f3,9f0be1ee-2d27-495e-b63e-6ef23b4f8f40,2016-09-21T08:38:00,7f790ed7-0fc4-4de2-a1b0-cce72e657fc4,600,36,636
c9bad725-a82e-44e6-ba95-8cf6e0cae449,b9b25607-9aa6-407b-a217-ca3a6ac85ee0,2016-09-13T08:00:00,7f790ed7-0fc4-4de2-a1b0-cce72e657fc4,600,36,636
c9c0cfb7-590b-4183-9313-59b72a164a7e,bcfca76e-53b3-4d76-8706-1e010a91cafc,2016-09-12T12:37:00,7f790ed7-0fc4-4de2-a1b0-cce72e657fc4,400,24,424
c9c31229-d062-4b8b-a12c-220319bd92e4,6fb49b2f-4596-4be6-add0-f39f914cbd7f,2016-09-19T08:22:00,7f790ed7-0fc4-4de2-a1b0-cce72e657fc4,600,36,636
c9f08b6b-4054-43e6-974a-fffb03471f9f,d1747387-f31d-48d2-822b-699d6eb93a2b,2016-09-07T07:42:00,7f790ed7-0fc4-4de2-a1b0-cce72e657fc4,700,42,742
c9fa4a2d-f326-4ea1-a957-9842fb8b0c1c,a050572b-cd8e-4453-a550-b66b82677239,2016-09-17T09:25:00,7f790ed7-0fc4-4de2-a1b0-cce72e657fc4,1800,108,1907
ca5b164a-319a-43f3-ad64-e1d9f45df36d,026f0a0c-400a-4482-a51f-c8bd57fb07df,2016-09-13T13:33:00,7f790ed7-0fc4-4de2-a1b0-cce72e657fc4,500,30,530
ca63dd9a-340b-4748-9721-d5f685409fcd,c9c36c88-ddcd-455e-9513-346a0ef806ce,2016-09-07T07:45:00,7f790ed7-0fc4-4de2-a1b0-cce72e657fc4,600,36,636
cb96d7da-fe65-47d9-a3aa-ee60c503ac89,dcfbe751-f532-4901-9574-56e490212f8d,2016-09-13T16:21:00,7f790ed7-0fc4-4de2-a1b0-cce72e657fc4,1100,65,1166
cbd0e74c-201f-4292-98a5-a0405073213f,ee77f7ea-85a5-4ebc-8211-362592fb73d9,2016-09-05T07:23:00,7f790ed7-0fc4-4de2-a1b0-cce72e657fc4,600,36,636
cbefff9f-bb6b-4399-bdbb-50d6016ecbac,b6c0c75f-69af-404b-811d-d329f41aac59,2016-09-14T14:53:00,7f790ed7-0fc4-4de2-a1b0-cce72e657fc4,2000,120,2120
cc95aa82-62b4-4bca-b11f-f3bbc5dc52b2,fd560bc8-60b7-4dbf-93e1-6eba6934f599,2016-09-08T07:39:00,7f790ed7-0fc4-4de2-a1b0-cce72e657fc4,600,36,636
ccdd4e28-7290-444e-8b38-bd9506ec33b5,a3e448f8-9619-48cd-9461-0bd639e665b5,2016-09-07T11:59:00,7f790ed7-0fc4-4de2-a1b0-cce72e657fc4,700,42,742
cd07f987-7920-492e-a0d6-415b0f7aa7d8,e522c479-a277-4f1f-a522-07b64aeb54a7,2016-09-20T12:34:00,7f790ed7-0fc4-4de2-a1b0-cce72e657fc4,3500,210,3710
cdb79d5b-53f4-4245-a028-2a1579764b72,30169b50-82a4-4785-bafd-3ea0a7813812,2016-09-08T13:25:00,7f790ed7-0fc4-4de2-a1b0-cce72e657fc4,2400,144,2544
ce4e982a-ac69-4454-9332-0231036faa16,49c914fa-08b8-4ea1-b938-6cb861ed3e70,2016-09-17T09:32:00,7f790ed7-0fc4-4de2-a1b0-cce72e657fc4,1200,72,1272
cf199b16-b80f-4b3d-a3f7-afd09eba00c2,37b15675-a715-4545-b885-11f0c340b579,2016-09-15T13:13:00,7f790ed7-0fc4-4de2-a1b0-cce72e657fc4,3600,216,3815
cf23b0a5-58ee-4a88-a915-5b8f4e259180,dd7021b7-00fa-43cb-a061-6f601d08380d,2016-09-21T08:03:00,7f790ed7-0fc4-4de2-a1b0-cce72e657fc4,600,36,636
cf27c119-b2be-44c7-9c0e-d5d59a9db8f3,16949c9a-bdf5-492f-b15a-eeaf4776c3c4,2016-09-08T12:04:00,7f790ed7-0fc4-4de2-a1b0-cce72e657fc4,1000,60,1060
cf5853be-d964-4ebe-88fc-3040a1006f76,ed0eaab6-7120-4997-a4cd-a2e3f2175075,2016-09-12T08:42:00,7f790ed7-0fc4-4de2-a1b0-cce72e657fc4,600,36,636
cfcca728-7d0d-4a63-8128-101c3ef13594,99f1a605-b7a8-445f-ba72-52d309e7078d,2016-09-22T15:26:00,7f790ed7-0fc4-4de2-a1b0-cce72e657fc4,1700,102,1802
cfeca042-a684-4586-a310-06e020808eaf,14cf5ae6-46f6-4727-8b31-099c771e67e7,2016-09-06T07:53:00,7f790ed7-0fc4-4de2-a1b0-cce72e657fc4,600,36,636
cffb83d9-b0e4-4379-8b98-b407066053d0,dbafe507-fda2-48b3-ac00-a14c080210a2,2016-09-13T08:26:00,7f790ed7-0fc4-4de2-a1b0-cce72e657fc4,600,36,636
d04a90bd-1c32-498f-8f8e-a75ea56672cb,026f0a0c-400a-4482-a51f-c8bd57fb07df,2016-09-08T13:08:00,7f790ed7-0fc4-4de2-a1b0-cce72e657fc4,600,36,636
d05fa9ab-610c-4bdb-bc1f-ddc30fb3fa96,7c76af9c-d5fd-460e-82d9-5a7b2a4a118b,2016-09-13T09:13:00,7f790ed7-0fc4-4de2-a1b0-cce72e657fc4,600,36,636
d0a980a8-31a0-481c-808f-37b34af838b4,8b7f9b7f-90b6-4887-88f8-0e198a9b007d,2016-09-22T08:16:00,7f790ed7-0fc4-4de2-a1b0-cce72e657fc4,400,24,424
d12f1cc9-f367-4534-b2ab-9a1f74ae2d1b,d1747387-f31d-48d2-822b-699d6eb93a2b,2016-09-09T07:00:00,7f790ed7-0fc4-4de2-a1b0-cce72e657fc4,600,36,636
d1a4e34b-14b0-4a7c-a4b1-ce6fc015eba2,7c76af9c-d5fd-460e-82d9-5a7b2a4a118b,2016-09-14T07:40:00,7f790ed7-0fc4-4de2-a1b0-cce72e657fc4,600,36,636
d1bdf68b-1e61-4625-958d-e1c122c10dea,fd560bc8-60b7-4dbf-93e1-6eba6934f599,2016-09-21T07:24:00,7f790ed7-0fc4-4de2-a1b0-cce72e657fc4,700,42,742
d21b258c-0769-45a0-ae95-4a60d4d90293,30169b50-82a4-4785-bafd-3ea0a7813812,2016-09-06T07:34:00,7f790ed7-0fc4-4de2-a1b0-cce72e657fc4,400,24,424
d3f033a9-fbd5-4dcd-b66d-924ad02b9cb7,b6c0c75f-69af-404b-811d-d329f41aac59,2016-09-09T12:19:00,7f790ed7-0fc4-4de2-a1b0-cce72e657fc4,400,24,424
d40bdae6-070a-4260-af66-b114b27e8dea,c8561416-e50b-42c5-9d99-12c614d3c1e4,2016-09-18T09:40:00,7f790ed7-0fc4-4de2-a1b0-cce72e657fc4,3300,198,3497
d426a6df-1cb8-4e35-bde0-bd4ccd2d64ae,4cd349ff-2024-402e-873f-ae58b4d09deb,2016-09-17T13:15:00,7f790ed7-0fc4-4de2-a1b0-cce72e657fc4,3000,179,3180
d49edd2b-6f31-49cf-8e24-ba7bfb468add,dd7021b7-00fa-43cb-a061-6f601d08380d,2016-09-06T08:42:00,7f790ed7-0fc4-4de2-a1b0-cce72e657fc4,500,30,530
d4b7b0e9-111b-4544-af46-3e58da65dfd8,a1d0024c-8d49-47f7-99b3-14c942239ebf,2016-09-10T09:59:00,7f790ed7-0fc4-4de2-a1b0-cce72e657fc4,600,36,636
d4e263fe-7adc-4719-bd63-1f5b0cfafe0f,9f0be1ee-2d27-495e-b63e-6ef23b4f8f40,2016-09-13T07:55:00,7f790ed7-0fc4-4de2-a1b0-cce72e657fc4,500,30,530
d4e75d2e-3e29-4456-b773-862ddb128576,fcc8fcee-8566-42d0-be28-d410bf964628,2016-09-10T12:30:00,7f790ed7-0fc4-4de2-a1b0-cce72e657fc4,5300,318,5618
d4f3d203-73ac-4b5c-b24b-f0c386be155d,7ddb6348-6ba6-4304-87da-af57df7e7142,2016-09-22T07:58:00,7f790ed7-0fc4-4de2-a1b0-cce72e657fc4,600,36,636
d534ac49-f798-485b-9a64-206a954b1cae,c9c36c88-ddcd-455e-9513-346a0ef806ce,2016-09-09T08:55:00,7f790ed7-0fc4-4de2-a1b0-cce72e657fc4,700,42,742
d6254593-383a-4b4f-9e77-a490489c532d,90831ddd-286f-4f2d-9c72-bfd03c07460c,2016-09-19T08:11:00,7f790ed7-0fc4-4de2-a1b0-cce72e657fc4,700,42,742
d65c368c-f072-4ed7-b0e9-da4a528f3ff0,907024d1-9f03-490a-a92f-686ea99c55f2,2016-09-14T12:40:00,7f790ed7-0fc4-4de2-a1b0-cce72e657fc4,700,42,742
d6c5288f-a5a6-47ae-8a91-621a71de3f67,90831ddd-286f-4f2d-9c72-bfd03c07460c,2016-09-08T17:01:00,7f790ed7-0fc4-4de2-a1b0-cce72e657fc4,600,36,636
d71fb764-421e-44dd-9cac-70c5dbfa8b31,9f1db337-fe9e-4df0-bd1b-b416b7664ed4,2016-09-13T13:32:00,7f790ed7-0fc4-4de2-a1b0-cce72e657fc4,2800,168,2968
d74b9c93-1335-48e8-8fa2-ae5464f602d9,cec6d6a6-2407-495a-92fb-218b3471cf04,2016-09-07T09:02:00,7f790ed7-0fc4-4de2-a1b0-cce72e657fc4,400,24,424
d764cce3-0bfa-45b5-a1e0-e1e6398bcf2d,2dc6f7be-df65-457f-b47f-f858ff7d59ba,2016-09-03T12:43:00,7f790ed7-0fc4-4de2-a1b0-cce72e657fc4,2900,174,3074
d79dddb0-5075-4d80-ad28-706923567af6,29a9dfd0-5ff8-4fdb-a3d5-d7a3928e5f00,2016-09-01T08:01:00,7f790ed7-0fc4-4de2-a1b0-cce72e657fc4,500,30,530
d872431b-cc31-40ac-ba52-3266e2284252,b52d2130-df67-4e8a-b021-35b336e77cab,2016-09-06T15:00:00,7f790ed7-0fc4-4de2-a1b0-cce72e657fc4,2700,162,2862
d8e1f246-9ee7-4167-9e67-f689f0689958,7c76af9c-d5fd-460e-82d9-5a7b2a4a118b,2016-09-16T07:47:00,7f790ed7-0fc4-4de2-a1b0-cce72e657fc4,700,42,742
d8e4c54a-4943-4060-ab9a-0537a8642943,197ce683-0876-41d9-b9b1-c95541abcff9,2016-09-06T07:24:00,7f790ed7-0fc4-4de2-a1b0-cce72e657fc4,700,42,742
d8eb8956-8a0a-48af-9b70-66629f353dad,dd3b89f6-3929-46fc-91cb-d62cee594688,2016-09-08T07:54:00,7f790ed7-0fc4-4de2-a1b0-cce72e657fc4,700,42,742
d8ffd07a-233c-4efe-a010-73d9ccec5f33,14cf5ae6-46f6-4727-8b31-099c771e67e7,2016-09-21T07:16:00,7f790ed7-0fc4-4de2-a1b0-cce72e657fc4,600,36,636
da6a84ec-3495-440b-bb41-969e90763fd4,eb8a5b36-47a8-47ca-9c1b-6417cf79f4b2,2016-09-09T07:45:00,7f790ed7-0fc4-4de2-a1b0-cce72e657fc4,700,42,742
dac3ddf9-6a66-452d-a1db-6a02f2708b3b,a40cca2b-cb31-42ad-8158-39b67128d0e4,2016-09-20T07:10:00,7f790ed7-0fc4-4de2-a1b0-cce72e657fc4,600,36,636
dadf868e-5f8e-40cc-b0b4-9c7c6383d405,e3afd136-901c-4557-ad38-9721b1da3d6d,2016-09-05T07:38:00,7f790ed7-0fc4-4de2-a1b0-cce72e657fc4,600,36,636
dae6dfda-d9ab-498c-b175-156d09114e23,e0ba2ea8-9a1d-455b-9fe1-012fc04d4d70,2016-09-11T13:33:00,7f790ed7-0fc4-4de2-a1b0-cce72e657fc4,2800,168,2968
db1b66ff-f96b-4a76-a09d-7928389211c7,c9c36c88-ddcd-455e-9513-346a0ef806ce,2016-09-12T08:14:00,7f790ed7-0fc4-4de2-a1b0-cce72e657fc4,400,24,424
db887ada-1674-45e8-8df2-9c7613165f94,eb99027a-ca0c-4014-b2fb-8a43c1d57039,2016-09-06T10:37:00,7f790ed7-0fc4-4de2-a1b0-cce72e657fc4,1100,65,1166
dba2e5a8-63c4-4486-8c67-171ec8bbbd5e,7c76af9c-d5fd-460e-82d9-5a7b2a4a118b,2016-09-15T07:28:00,7f790ed7-0fc4-4de2-a1b0-cce72e657fc4,600,36,636
dbab1abc-89af-49fc-8628-7c40f59697e7,6b39534a-e25f-4f89-bc8a-3aa39ce08673,2016-09-22T13:50:00,7f790ed7-0fc4-4de2-a1b0-cce72e657fc4,1900,113,2014
dbed80a8-3d04-44e4-b1cb-c919a5874985,4cd349ff-2024-402e-873f-ae58b4d09deb,2016-09-03T11:26:00,7f790ed7-0fc4-4de2-a1b0-cce72e657fc4,2000,120,2120
dc6f4a5d-ffcf-4424-a19e-fd183b2de2d2,f854ccd7-c344-4dcb-be1f-5155b203260d,2016-09-13T07:59:00,7f790ed7-0fc4-4de2-a1b0-cce72e657fc4,1800,108,1907
dc9d15ea-2b2f-4027-8ae9-8f8f413fa00c,e9e2d5e2-3f7f-41e7-87c9-4d91d2369faf,2016-09-19T10:19:00,7f790ed7-0fc4-4de2-a1b0-cce72e657fc4,2400,144,2544
dca903b7-b894-4e58-ae59-d7c9c3fbbb6d,ee77f7ea-85a5-4ebc-8211-362592fb73d9,2016-09-21T07:09:00,7f790ed7-0fc4-4de2-a1b0-cce72e657fc4,700,42,742
dcde86ac-fb55-4114-aee5-245705baca16,ee77f7ea-85a5-4ebc-8211-362592fb73d9,2016-09-02T08:19:00,7f790ed7-0fc4-4de2-a1b0-cce72e657fc4,600,36,636
dd3c6726-6f91-4fa5-bd6f-26395d85daa5,5498fa51-5a08-411e-a034-3148ad7c5716,2016-09-12T14:41:00,7f790ed7-0fc4-4de2-a1b0-cce72e657fc4,400,24,424
dd584e49-f562-4720-bd61-98dc05e20287,c9c36c88-ddcd-455e-9513-346a0ef806ce,2016-09-06T08:34:00,7f790ed7-0fc4-4de2-a1b0-cce72e657fc4,600,36,636
ddc5028d-a8e6-46e4-b572-8131e77b8879,d1747387-f31d-48d2-822b-699d6eb93a2b,2016-09-20T08:01:00,7f790ed7-0fc4-4de2-a1b0-cce72e657fc4,400,24,424
ddcddb38-d87a-4b58-b877-cedc2b1f0f79,90831ddd-286f-4f2d-9c72-bfd03c07460c,2016-09-01T13:25:00,7f790ed7-0fc4-4de2-a1b0-cce72e657fc4,600,36,636
dddf7277-e0e8-40d2-9776-8b2ab5235c25,5498fa51-5a08-411e-a034-3148ad7c5716,2016-09-07T17:14:00,7f790ed7-0fc4-4de2-a1b0-cce72e657fc4,2400,144,2544
ddebdf82-725d-4bb1-b1a6-d971fa946497,30169b50-82a4-4785-bafd-3ea0a7813812,2016-09-05T11:40:00,7f790ed7-0fc4-4de2-a1b0-cce72e657fc4,1100,65,1166
ddf2769a-0e89-480c-b234-072dfb9147a3,ac22e00c-bce7-4bcb-b15c-bd247a90d81f,2016-09-09T08:47:00,7f790ed7-0fc4-4de2-a1b0-cce72e657fc4,400,24,424
de4b66f2-f23d-46e4-b461-86ee289d8b06,b57e8de6-9ffe-4318-8d96-ed66f6f29452,2016-09-12T07:49:00,7f790ed7-0fc4-4de2-a1b0-cce72e657fc4,600,36,636
defd763d-63a2-4ddb-b271-e885905c54c4,7c76af9c-d5fd-460e-82d9-5a7b2a4a118b,2016-09-09T07:53:00,7f790ed7-0fc4-4de2-a1b0-cce72e657fc4,400,24,424
df12e026-78a8-4c2e-af3b-6a04020c7951,eb8a5b36-47a8-47ca-9c1b-6417cf79f4b2,2016-09-15T07:51:00,7f790ed7-0fc4-4de2-a1b0-cce72e657fc4,700,42,742
df2ad204-ff73-441b-976c-bde9bed66457,14cf5ae6-46f6-4727-8b31-099c771e67e7,2016-09-12T08:32:00,7f790ed7-0fc4-4de2-a1b0-cce72e657fc4,500,30,530
df3648c9-a21a-4fe8-b989-0bdf9798eb60,dbafe507-fda2-48b3-ac00-a14c080210a2,2016-09-06T07:40:00,7f790ed7-0fc4-4de2-a1b0-cce72e657fc4,600,36,636
df586066-fba8-48a0-a55c-6a1607565540,9f1db337-fe9e-4df0-bd1b-b416b7664ed4,2016-09-18T13:37:00,7f790ed7-0fc4-4de2-a1b0-cce72e657fc4,1900,113,2014
dfa85190-9c7f-4fce-8638-62d7ee5f766f,a8f8cf06-feff-45cd-a988-08e940ae8300,2016-09-20T11:31:00,7f790ed7-0fc4-4de2-a1b0-cce72e657fc4,2900,174,3074
e0d7227d-abe0-4f55-8d14-fbf75eec198f,260ad0e2-e824-4b2c-bdcf-1a2ea887ebdd,2016-09-16T12:40:00,7f790ed7-0fc4-4de2-a1b0-cce72e657fc4,3200,192,3392
e1d01a9a-282f-46fa-b71a-84bd2f225da9,dacf3f99-3805-4ac8-8ca0-aea33a8990cc,2016-09-14T07:46:00,7f790ed7-0fc4-4de2-a1b0-cce72e657fc4,600,36,636
e1f9833a-54be-4011-9780-bd474ecc5514,d1747387-f31d-48d2-822b-699d6eb93a2b,2016-09-01T08:00:00,7f790ed7-0fc4-4de2-a1b0-cce72e657fc4,400,24,424
e21313b1-1736-4985-a05d-51aefda3fcbe,76d5dbd2-cdf5-44f9-8cd3-7f23192b5af8,2016-09-03T12:28:00,7f790ed7-0fc4-4de2-a1b0-cce72e657fc4,2900,174,3074
e25b685e-d266-4689-9ee5-ecb8896d4a45,e522c479-a277-4f1f-a522-07b64aeb54a7,2016-09-02T12:07:00,7f790ed7-0fc4-4de2-a1b0-cce72e657fc4,1800,108,1907
e29aacc9-dd6b-4661-b17c-da33c7a67b7f,7ddb6348-6ba6-4304-87da-af57df7e7142,2016-09-08T08:00:00,7f790ed7-0fc4-4de2-a1b0-cce72e657fc4,500,30,530
e2ab4c62-b912-4993-aa63-ecb0f46a6b46,90831ddd-286f-4f2d-9c72-bfd03c07460c,2016-09-13T18:11:00,7f790ed7-0fc4-4de2-a1b0-cce72e657fc4,1100,65,1166
e33bbc3f-359d-4248-af0a-002200c1ef31,94be223f-41c2-49be-a0dc-e08757a83cd0,2016-09-10T13:54:00,7f790ed7-0fc4-4de2-a1b0-cce72e657fc4,2100,126,2226
e384db73-8548-4abc-8b6d-5d7d1e51a508,b9b25607-9aa6-407b-a217-ca3a6ac85ee0,2016-09-20T08:31:00,7f790ed7-0fc4-4de2-a1b0-cce72e657fc4,500,30,530
e3ab82d0-c791-4172-a157-d5140078d962,4323ffc3-3427-4b96-89db-d2b926105e06,2016-09-05T10:15:00,7f790ed7-0fc4-4de2-a1b0-cce72e657fc4,1900,113,2014
e3bac39a-ecf5-464e-9db5-3dd148559706,dd3b89f6-3929-46fc-91cb-d62cee594688,2016-09-12T07:42:00,7f790ed7-0fc4-4de2-a1b0-cce72e657fc4,700,42,742
e47394a0-b150-473a-be5a-6d3619bbe84e,9f0be1ee-2d27-495e-b63e-6ef23b4f8f40,2016-09-15T08:20:00,7f790ed7-0fc4-4de2-a1b0-cce72e657fc4,600,36,636
e4a00158-a512-4a1d-a706-0e6a685dd2ff,cec6d6a6-2407-495a-92fb-218b3471cf04,2016-09-19T07:42:00,7f790ed7-0fc4-4de2-a1b0-cce72e657fc4,500,30,530
e4cf8d1b-4131-42d7-84a8-6e93fd0e4366,b028022d-60ff-416a-9106-f3e73dac72d2,2016-09-16T07:48:00,7f790ed7-0fc4-4de2-a1b0-cce72e657fc4,400,24,424
e5274842-79e1-4e89-8e55-a3c4682941be,a8f8cf06-feff-45cd-a988-08e940ae8300,2016-09-15T10:57:00,7f790ed7-0fc4-4de2-a1b0-cce72e657fc4,1700,102,1802
e5a9122e-52bd-4439-ac4f-4d0e8c7f34c9,b6c0c75f-69af-404b-811d-d329f41aac59,2016-09-07T13:22:00,7f790ed7-0fc4-4de2-a1b0-cce72e657fc4,600,36,636
e5b473f4-c193-4fcf-88a7-4a7f99edaca2,907024d1-9f03-490a-a92f-686ea99c55f2,2016-09-07T13:33:00,7f790ed7-0fc4-4de2-a1b0-cce72e657fc4,500,30,530
e5bb53b5-cb31-45b7-adf6-7dc06f4f796b,3062db39-de89-445f-b2d6-286f18889e03,2016-09-04T09:20:00,7f790ed7-0fc4-4de2-a1b0-cce72e657fc4,6500,390,6890
e60fd8d5-22a3-4334-af7f-d7c885acaf74,db0d9043-952a-495e-8608-815fdef24bb9,2016-09-14T07:21:00,7f790ed7-0fc4-4de2-a1b0-cce72e657fc4,400,24,424
e6580187-b3b6-4871-b504-fe5a020976a5,907024d1-9f03-490a-a92f-686ea99c55f2,2016-09-12T12:36:00,7f790ed7-0fc4-4de2-a1b0-cce72e657fc4,1800,108,1907
e670cd84-3fed-4931-bbdb-42a3d2789323,99f1a605-b7a8-445f-ba72-52d309e7078d,2016-09-05T12:15:00,7f790ed7-0fc4-4de2-a1b0-cce72e657fc4,1900,113,2014
e69bab22-76e3-4ffe-b907-4f1c6d5a8636,fd560bc8-60b7-4dbf-93e1-6eba6934f599,2016-09-11T10:03:00,7f790ed7-0fc4-4de2-a1b0-cce72e657fc4,500,30,530
e75c9ed2-93ab-43b9-942c-eaa87f26dd1e,6d40ab23-e87a-415a-8bb6-ad0748a3142e,2016-09-12T14:35:00,7f790ed7-0fc4-4de2-a1b0-cce72e657fc4,600,36,636
e8c94205-32d9-4fe0-b1a9-d683bdedd082,b028022d-60ff-416a-9106-f3e73dac72d2,2016-09-09T08:53:00,7f790ed7-0fc4-4de2-a1b0-cce72e657fc4,500,30,530
e8d34a58-3ced-4774-b1d0-cbcff8d1a452,9f1db337-fe9e-4df0-bd1b-b416b7664ed4,2016-09-11T13:26:00,7f790ed7-0fc4-4de2-a1b0-cce72e657fc4,1000,60,1060
e96f4926-9ae7-4895-959d-b448d851a580,e0ba2ea8-9a1d-455b-9fe1-012fc04d4d70,2016-09-12T07:35:00,7f790ed7-0fc4-4de2-a1b0-cce72e657fc4,2300,138,2438
e96fddd8-0957-4097-a68b-28c0b4d4945b,e9e2d5e2-3f7f-41e7-87c9-4d91d2369faf,2016-09-14T11:59:00,7f790ed7-0fc4-4de2-a1b0-cce72e657fc4,1700,102,1802
e9f29e80-e7c4-4e19-8973-503deff30255,b028022d-60ff-416a-9106-f3e73dac72d2,2016-09-13T07:02:00,7f790ed7-0fc4-4de2-a1b0-cce72e657fc4,700,42,742
ea2108f4-ae2d-4c32-b881-06c71f0000c5,4a9e92bc-8469-40b1-b4d6-def136563a54,2016-09-21T10:02:00,7f790ed7-0fc4-4de2-a1b0-cce72e657fc4,700,42,742
ea7de610-9c2c-431e-8538-76458af7b81e,e3afd136-901c-4557-ad38-9721b1da3d6d,2016-09-16T08:09:00,7f790ed7-0fc4-4de2-a1b0-cce72e657fc4,600,36,636
eab3b193-d3b1-406a-acd9-f329b6409660,dacf3f99-3805-4ac8-8ca0-aea33a8990cc,2016-09-12T08:19:00,7f790ed7-0fc4-4de2-a1b0-cce72e657fc4,600,36,636
eac06f32-b26f-4b05-9e39-98da836cf0c9,2bdd6e84-57ff-4ebb-b409-ea2727d69d90,2016-09-18T10:23:00,7f790ed7-0fc4-4de2-a1b0-cce72e657fc4,2800,168,2968
ead60293-7ad1-4022-a37b-b127a0b7b87d,ee77f7ea-85a5-4ebc-8211-362592fb73d9,2016-09-16T08:44:00,7f790ed7-0fc4-4de2-a1b0-cce72e657fc4,600,36,636
eb149a07-2dae-44ee-bc35-5f31004d52b2,d1747387-f31d-48d2-822b-699d6eb93a2b,2016-09-08T08:18:00,7f790ed7-0fc4-4de2-a1b0-cce72e657fc4,600,36,636
eb6cdb30-dc91-4536-a325-1f3c51002def,dd7021b7-00fa-43cb-a061-6f601d08380d,2016-09-08T08:08:00,7f790ed7-0fc4-4de2-a1b0-cce72e657fc4,400,24,424
eb7b3b50-1e7d-4bab-96bb-1b7579b11357,ed0eaab6-7120-4997-a4cd-a2e3f2175075,2016-09-15T15:38:00,7f790ed7-0fc4-4de2-a1b0-cce72e657fc4,700,42,742
ebd2dadf-e171-4b7a-818d-15d42797d297,260ad0e2-e824-4b2c-bdcf-1a2ea887ebdd,2016-09-06T09:17:00,7f790ed7-0fc4-4de2-a1b0-cce72e657fc4,0,0,0
ec309ce3-7b7a-4c06-843c-59258b7f27af,2974c094-0dc6-425f-b094-4b5976cf2690,2016-09-21T11:54:00,7f790ed7-0fc4-4de2-a1b0-cce72e657fc4,1800,108,1907
ed7a177c-4f9c-4248-b945-597aff74eb38,8715bdb5-b31c-48eb-b7d9-b5dcd38a1de6,2016-09-22T08:05:00,7f790ed7-0fc4-4de2-a1b0-cce72e657fc4,600,36,636
edf09829-8627-4bdf-ae48-2967edd86a79,545b7872-c4e0-4687-8b2f-1d13c03ca2ab,2016-09-15T08:18:00,7f790ed7-0fc4-4de2-a1b0-cce72e657fc4,400,24,424
ee89c2df-81de-4b49-8a53-c074448092db,eb99027a-ca0c-4014-b2fb-8a43c1d57039,2016-09-21T17:39:00,7f790ed7-0fc4-4de2-a1b0-cce72e657fc4,1600,96,1696
ee9bb7eb-553b-4980-abbb-be14b62982fd,dacf3f99-3805-4ac8-8ca0-aea33a8990cc,2016-09-09T07:18:00,7f790ed7-0fc4-4de2-a1b0-cce72e657fc4,400,24,424
eec8534c-6a2e-416c-8110-f766350dd54f,9bb9e572-d84b-4150-9ae3-6c40a9db726e,2016-09-13T11:23:00,7f790ed7-0fc4-4de2-a1b0-cce72e657fc4,4700,282,4982
eefaef3a-aee4-48f2-b221-17492963c4e1,197ce683-0876-41d9-b9b1-c95541abcff9,2016-09-15T07:57:00,7f790ed7-0fc4-4de2-a1b0-cce72e657fc4,500,30,530
ef1b8b63-eea0-4a54-8b0a-7208d23e8e44,99f1a605-b7a8-445f-ba72-52d309e7078d,2016-09-19T14:10:00,7f790ed7-0fc4-4de2-a1b0-cce72e657fc4,1100,65,1166
ef2aaf03-62d9-4360-bae1-cbae841d188b,a3e448f8-9619-48cd-9461-0bd639e665b5,2016-09-15T10:44:00,7f790ed7-0fc4-4de2-a1b0-cce72e657fc4,500,30,530
ef6e9cca-8d87-48ca-94e4-a463285423a2,ab7dbeec-fce2-4391-ae75-05274a0e7e75,2016-09-08T11:38:00,7f790ed7-0fc4-4de2-a1b0-cce72e657fc4,1300,78,1378
f0435014-ed2e-41e5-a7aa-0dc48ca05286,7fcfca53-3da9-4612-8a28-73c497d094a6,2016-09-05T12:12:00,7f790ed7-0fc4-4de2-a1b0-cce72e657fc4,1800,108,1907
f05a50b5-9625-4a07-9333-80f35084e16f,a2cb78ed-abfd-4cdc-a7ec-e9ae8a6a2012,2016-09-21T11:28:00,7f790ed7-0fc4-4de2-a1b0-cce72e657fc4,400,24,424
f10434ed-1894-433f-b9c6-51e067a94575,f854ccd7-c344-4dcb-be1f-5155b203260d,2016-09-18T11:19:00,7f790ed7-0fc4-4de2-a1b0-cce72e657fc4,4800,288,5088
f12a614e-d915-460d-8d85-0bf2d1302779,907024d1-9f03-490a-a92f-686ea99c55f2,2016-09-01T18:05:00,7f790ed7-0fc4-4de2-a1b0-cce72e657fc4,1200,72,1272
f145d757-936c-4f56-9c08-cba9a8350c54,e522c479-a277-4f1f-a522-07b64aeb54a7,2016-09-13T14:56:00,7f790ed7-0fc4-4de2-a1b0-cce72e657fc4,4200,252,4452
f1a86be3-b01b-450e-b114-564a36c17f7d,6a0a2dbe-bc63-4254-8f1b-b07e54cfe560,2016-09-11T10:51:00,7f790ed7-0fc4-4de2-a1b0-cce72e657fc4,2100,126,2226
f1ab5087-86e2-4fe7-812f-eb8e1e30e219,ab7dbeec-fce2-4391-ae75-05274a0e7e75,2016-09-19T13:18:00,7f790ed7-0fc4-4de2-a1b0-cce72e657fc4,2200,131,2332
f25326aa-3ecd-46d7-8500-bac5dc52114d,906c6b58-de58-429c-a0d3-93e8d1f52ed7,2016-09-07T08:08:00,7f790ed7-0fc4-4de2-a1b0-cce72e657fc4,700,42,742
f2884622-f0d0-4169-b562-9af89d893b4e,57e67f54-8b7b-46a4-9f46-4e8eec5c850f,2016-09-04T13:20:00,7f790ed7-0fc4-4de2-a1b0-cce72e657fc4,400,24,424
f2a0c590-589c-40a4-a74e-90ffd576f5b7,13b40b8c-ccde-403f-bd97-e6059d0b457c,2016-09-19T09:52:00,7f790ed7-0fc4-4de2-a1b0-cce72e657fc4,3400,204,3604
f3e1f60c-7ef1-4e5a-a08b-6c4904187cb0,7ddb6348-6ba6-4304-87da-af57df7e7142,2016-09-19T07:57:00,7f790ed7-0fc4-4de2-a1b0-cce72e657fc4,600,36,636
f456afbb-e3c2-42cc-bf7a-088fc5a27fe7,850a8d12-72ae-40a5-a31b-f36a4477b4b0,2016-09-22T08:13:00,7f790ed7-0fc4-4de2-a1b0-cce72e657fc4,400,24,424
f470c9b1-e7db-4bae-a531-a628ff94a705,bcfca76e-53b3-4d76-8706-1e010a91cafc,2016-09-02T11:50:00,7f790ed7-0fc4-4de2-a1b0-cce72e657fc4,600,36,636
f49924aa-aac8-431e-8130-c6b9911abada,3dd5e6a2-b23b-4ee5-b866-34d2e0a1cd88,2016-09-22T08:11:00,7f790ed7-0fc4-4de2-a1b0-cce72e657fc4,600,36,636
f4fbce13-b59d-4e3d-b802-58f05553946e,9aa562f6-e21f-440e-996e-4921fa827284,2016-09-13T09:53:00,7f790ed7-0fc4-4de2-a1b0-cce72e657fc4,1000,60,1060
f5109f0c-e334-4321-ad59-095fceaa7b89,dbafe507-fda2-48b3-ac00-a14c080210a2,2016-09-21T07:17:00,7f790ed7-0fc4-4de2-a1b0-cce72e657fc4,600,36,636
f5423882-6b38-43d8-86d5-40c06702458c,907024d1-9f03-490a-a92f-686ea99c55f2,2016-09-02T07:45:00,7f790ed7-0fc4-4de2-a1b0-cce72e657fc4,1100,65,1166
f5755aaa-20fe-40e7-b47f-e61d2b1ac8ec,b028022d-60ff-416a-9106-f3e73dac72d2,2016-09-19T07:23:00,7f790ed7-0fc4-4de2-a1b0-cce72e657fc4,700,42,742
f65b78fc-1ef0-40dd-a919-a2b15f0d001f,e0ba2ea8-9a1d-455b-9fe1-012fc04d4d70,2016-09-16T14:27:00,7f790ed7-0fc4-4de2-a1b0-cce72e657fc4,1200,72,1272
f7196bf0-4fca-4a0f-8779-abeae75cdcda,90831ddd-286f-4f2d-9c72-bfd03c07460c,2016-09-16T19:32:00,7f790ed7-0fc4-4de2-a1b0-cce72e657fc4,600,36,636
f73f3441-4176-4a1f-aa3e-4ccceef3a242,3d03656b-09e3-4786-a347-4f45e4218db9,2016-09-15T13:47:00,7f790ed7-0fc4-4de2-a1b0-cce72e657fc4,600,36,636
f7597f5a-e5af-4da2-902f-3303a8ab0e5d,16949c9a-bdf5-492f-b15a-eeaf4776c3c4,2016-09-21T14:37:00,7f790ed7-0fc4-4de2-a1b0-cce72e657fc4,1900,113,2014
f8790ceb-1292-470d-a355-afe5157d0265,38400695-1293-45bf-9d31-08ec84d7ea9e,2016-09-22T15:08:00,7f790ed7-0fc4-4de2-a1b0-cce72e657fc4,700,42,742
f897fb21-bd39-438f-9b04-63f0b40baceb,dacf3f99-3805-4ac8-8ca0-aea33a8990cc,2016-09-07T07:37:00,7f790ed7-0fc4-4de2-a1b0-cce72e657fc4,500,30,530
f8e24dd2-f292-48c3-b956-8cd87763d0c2,4d527a26-b379-4f9c-89fa-22b86436e52a,2016-09-06T08:13:00,7f790ed7-0fc4-4de2-a1b0-cce72e657fc4,1200,72,1272
f9248eed-4c4a-435c-942d-03bf48fb81d6,86ce3575-e8b9-4671-8e18-49c8cd145b8e,2016-09-22T16:34:00,7f790ed7-0fc4-4de2-a1b0-cce72e657fc4,1800,108,1907
f944b738-5d64-45d4-84eb-ca40dbe4476f,14cf5ae6-46f6-4727-8b31-099c771e67e7,2016-09-22T07:25:00,7f790ed7-0fc4-4de2-a1b0-cce72e657fc4,700,42,742
f96bfa15-20ac-49dd-b7e7-04e6ce4d16da,f742fcc7-ebe1-4d30-a740-a60da005dbf0,2016-09-14T09:39:00,7f790ed7-0fc4-4de2-a1b0-cce72e657fc4,2800,168,2968
f97fc3f0-42a9-4210-aecd-128fa9a3f773,ac22e00c-bce7-4bcb-b15c-bd247a90d81f,2016-09-06T07:48:00,7f790ed7-0fc4-4de2-a1b0-cce72e657fc4,600,36,636
f9e97551-adab-4e46-9b6d-fb60bd5afe3f,d4f7af33-91a7-48c4-b10c-e7a4e2ea34b3,2016-09-21T11:21:00,7f790ed7-0fc4-4de2-a1b0-cce72e657fc4,1600,96,1696
f9f05eee-79f6-4745-8722-78ce24d8593a,dacf3f99-3805-4ac8-8ca0-aea33a8990cc,2016-09-19T07:58:00,7f790ed7-0fc4-4de2-a1b0-cce72e657fc4,700,42,742
fa1adb0e-c7c6-42f6-a119-120c1c8abc77,16949c9a-bdf5-492f-b15a-eeaf4776c3c4,2016-09-15T11:36:00,7f790ed7-0fc4-4de2-a1b0-cce72e657fc4,1100,65,1166
fa3f4a63-88a9-4476-b741-9a5503ba853b,cec6d6a6-2407-495a-92fb-218b3471cf04,2016-09-10T09:03:00,7f790ed7-0fc4-4de2-a1b0-cce72e657fc4,600,36,636
fa7b44d5-eb08-4153-80d6-99a2d4b8ead0,a3e448f8-9619-48cd-9461-0bd639e665b5,2016-09-20T16:09:00,7f790ed7-0fc4-4de2-a1b0-cce72e657fc4,600,36,636
faf9a7d7-3f46-430d-8b38-6fb7036780d0,57e67f54-8b7b-46a4-9f46-4e8eec5c850f,2016-09-10T13:55:00,7f790ed7-0fc4-4de2-a1b0-cce72e657fc4,2800,168,2968
fb081959-5abe-462e-9f60-f36aca873bda,850a8d12-72ae-40a5-a31b-f36a4477b4b0,2016-09-06T07:26:00,7f790ed7-0fc4-4de2-a1b0-cce72e657fc4,600,36,636
fbd263ae-0390-4ccc-ae46-e8ed056777f1,c0822f00-24dd-4196-95f9-6192ea457af3,2016-09-14T16:19:00,7f790ed7-0fc4-4de2-a1b0-cce72e657fc4,1100,65,1166
fc1c071a-20f5-406d-a474-86141087d55c,260ad0e2-e824-4b2c-bdcf-1a2ea887ebdd,2016-09-05T09:28:00,7f790ed7-0fc4-4de2-a1b0-cce72e657fc4,3400,204,3604
fc3a0f59-9840-4c3c-9157-6281641ddfe1,260ad0e2-e824-4b2c-bdcf-1a2ea887ebdd,2016-09-13T14:22:00,7f790ed7-0fc4-4de2-a1b0-cce72e657fc4,2500,150,2650
fcc11b8a-82da-4d4f-80cc-109c0d719d26,6b39534a-e25f-4f89-bc8a-3aa39ce08673,2016-09-05T10:20:00,7f790ed7-0fc4-4de2-a1b0-cce72e657fc4,1600,96,1696
fe4bc7e5-37ca-4b42-a96b-2a9637589304,dcfbe751-f532-4901-9574-56e490212f8d,2016-09-12T14:36:00,7f790ed7-0fc4-4de2-a1b0-cce72e657fc4,2200,131,2332
fe4f83c0-c45f-4dfb-8c8c-853513127b1e,e522c479-a277-4f1f-a522-07b64aeb54a7,2016-09-10T12:35:00,7f790ed7-0fc4-4de2-a1b0-cce72e657fc4,3400,204,3604
fe6d175c-2f6d-4604-ad86-842cc20dbcbf,dd7021b7-00fa-43cb-a061-6f601d08380d,2016-09-19T07:02:00,7f790ed7-0fc4-4de2-a1b0-cce72e657fc4,600,36,636
fea68a03-1d0f-406d-9a7f-60e604ea050b,3062db39-de89-445f-b2d6-286f18889e03,2016-09-11T13:31:00,7f790ed7-0fc4-4de2-a1b0-cce72e657fc4,7700,462,8162
fef97196-1fd9-4309-8b4f-f36866535b2c,99f1a605-b7a8-445f-ba72-52d309e7078d,2016-09-13T11:09:00,7f790ed7-0fc4-4de2-a1b0-cce72e657fc4,800,48,848
ff009402-2ad6-41c6-9578-8d6c4ae4ca96,aadf86e7-5ffa-459c-b0c6-39c2f2dcc137,2016-09-02T08:17:00,7f790ed7-0fc4-4de2-a1b0-cce72e657fc4,3900,234,4134
ff564419-1e11-4ce4-8f3a-0d157ec21e9a,0551e79c-9e23-4566-8ae7-f3f82d3108f1,2016-09-15T08:54:00,7f790ed7-0fc4-4de2-a1b0-cce72e657fc4,1400,84,1484
ff6ae7df-3873-45b7-83ef-c195a4319501,906c6b58-de58-429c-a0d3-93e8d1f52ed7,2016-09-09T08:26:00,7f790ed7-0fc4-4de2-a1b0-cce72e657fc4,600,36,636
ff826aa0-6067-427d-ae60-46ca200acac1,2dc6f7be-df65-457f-b47f-f858ff7d59ba,2016-09-05T10:10:00,7f790ed7-0fc4-4de2-a1b0-cce72e657fc4,3200,192,3392
ffc026e0-b421-442c-b025-3f71388c777c,afd5236e-9e7b-4117-b29f-464de0b73e52,2016-09-21T14:56:00,7f790ed7-0fc4-4de2-a1b0-cce72e657fc4,1900,113,2014
ffee031e-86fc-4642-86db-b70e0092135f,c0989acc-466e-4107-9990-879c0a599f7f,2016-09-14T09:23:00,7f790ed7-0fc4-4de2-a1b0-cce72e657fc4,1200,72,1272
fff5688c-7203-48e3-babf-777c6c169aa3,3419fde1-4d7c-42aa-a7bc-6bdfe3e5fe82,2016-09-21T11:29:00,7f790ed7-0fc4-4de2-a1b0-cce72e657fc4,1100,65,1166
